,Data de Criação,Título,Autor,PDF Links,Link,Relatório de Pesquisa
0,08/03/2021 19:12,Projeto Governança Metropolitana no Brasil - Relatório de Pesquisa - O Processo de Contratação e Elaboração do Plano de Desenvolvimento Urbano Integrado da Região Metropolitana do Recife - Componente B,Rodrigo Costa,https://portalantigo.ipea.gov.br/portal/images/stories/PDFs/relatoriopesquisa/210308_relatorio_de_pesquisa_pgmb_rm_recife_complemento_b.pdf,https://portalantigo.ipea.gov.br/portal/index.php?option=com_content&view=article&id=37612,Relatório de Pesquisa
1,18/02/2021 17:28,Projeto Governança Metropolitana no Brasil - Relatório de Pesquisa -Identificação e Caracterização das Relações Interfederativas na Região Metropolitana do Rio de Janeiro - Componente A,Henrique Boiteux,https://portalantigo.ipea.gov.br/portal/images/stories/PDFs/relatoriopesquisa/210218_relatorio_identificacao_caracterizacao_das%20relacoes.pdf,https://portalantigo.ipea.gov.br/portal/index.php?option=com_content&view=article&id=37532,Relatório de Pesquisa
2,27/01/2021 16:56,Projeto Governança Metropolitana no Brasil - Relatório de Pesquisa - Identificação e Caracterização das Relações Interfederativas na Região Metropolitana de Belém - Componente A,Henrique Boiteux,https://portalantigo.ipea.gov.br/portal/images/stories/PDFs/relatoriopesquisa/210127_relacoes_interfederativas.pdf,https://portalantigo.ipea.gov.br/portal/index.php?option=com_content&view=article&id=37452,Relatório de Pesquisa
3,14/01/2021 13:28,Identificação e Caracterização das Relações Interfederativas - Região Metropolitana de Porto Alegre - Componente A,Rodrigo Costa,https://portalantigo.ipea.gov.br/portal/images/stories/PDFs/relatoriopesquisa/210917_rp_pgmb_rm_pa.pdf,https://portalantigo.ipea.gov.br/portal/index.php?option=com_content&view=article&id=37374,Relatório de Pesquisa
4,14/01/2021 13:25,Região Metropolitana do Vale do Paraíba e Litoral Norte - Componente A,Rodrigo Costa,https://portalantigo.ipea.gov.br/portal/images/stories/PDFs/relatoriopesquisa/210114_relatorio_de_pesquisa_pgmb_rm_vpln_complemento_a.pdf,https://portalantigo.ipea.gov.br/portal/index.php?option=com_content&view=article&id=37373,Relatório de Pesquisa
5,14/01/2021 13:22,A Construção do Urbano-Territorial na Amazônia - Entendimentos práticos de Manaus e sua Região Metropolitana - Componente B,Rodrigo Costa,https://portalantigo.ipea.gov.br/portal/images/stories/PDFs/relatoriopesquisa/210114_relatorio_de_pesquisa_pgmb_rm_manaus_complemento_b.pdf,https://portalantigo.ipea.gov.br/portal/index.php?option=com_content&view=article&id=37372,Relatório de Pesquisa
6,14/01/2021 13:19,Identificação e Caracterização das Relações Interfederativas na Região Metropolitana de Goiânia - Componente C,Rodrigo Costa,https://portalantigo.ipea.gov.br/portal/images/stories/PDFs/relatoriopesquisa/210114_relatorio_de_pesquisa_pgmb_rm_go_complemento_c.pdf,https://portalantigo.ipea.gov.br/portal/index.php?option=com_content&view=article&id=37371,Relatório de Pesquisa
7,14/01/2021 13:17,A Elaboração do Plano de Desenvolvimento Urbano Integrado da Região Metropolitana da Baixada Santista - Componente B,Rodrigo Costa,https://portalantigo.ipea.gov.br/portal/images/stories/PDFs/relatoriopesquisa/210114_relatorio_de_pesquisa_pgmb_rm_bs_complemento_b.pdf,https://portalantigo.ipea.gov.br/portal/index.php?option=com_content&view=article&id=37370,Relatório de Pesquisa
8,14/01/2021 13:14,Notas Sobre os Antecedentes da Gestão Metropolitana na RM do Vale do Rio Cuiabá - Componente B,Rodrigo Costa,https://portalantigo.ipea.gov.br/portal/images/stories/PDFs/relatoriopesquisa/210114_relatorio_de_pesquisa_pgmb_rm_vrc_complemento_b.pdf,https://portalantigo.ipea.gov.br/portal/index.php?option=com_content&view=article&id=37369,Relatório de Pesquisa
9,14/01/2021 13:11,O Plano de Desenvolvimento Integrado da Região Metropolitana do Vale do Rio Cuiabá e a Reestruturação da Região Metropolitana - Componente B,Rodrigo Costa,https://portalantigo.ipea.gov.br/portal/images/stories/PDFs/relatoriopesquisa/210114_relatorio_de_pesquisa_pgmb_rm_vrc_complemento_2b.pdf,https://portalantigo.ipea.gov.br/portal/index.php?option=com_content&view=article&id=37368,Relatório de Pesquisa
10,14/01/2021 13:08,A Situação do Processo de Elaboração do Plano do Desenvolvimento Urbano Integrado da Região Metropolitana de Salvador - Componente B,Rodrigo Costa,https://portalantigo.ipea.gov.br/portal/images/stories/PDFs/relatoriopesquisa/210114_relatorio_de_pesquisa_pgmb_rm_rms_complemento_b.pdf,https://portalantigo.ipea.gov.br/portal/index.php?option=com_content&view=article&id=37367,Relatório de Pesquisa
11,14/01/2021 13:04,Identificação das Fontes e Soluções de Financiamento Para o Desenvolvimento Urbano-Metropolitano da Região Metropolitana de Belo Horizonte - Componente C,Rodrigo Costa,https://portalantigo.ipea.gov.br/portal/images/stories/PDFs/relatoriopesquisa/210114_relatorio_de_pesquisa_pgmb_rm_bh_complemento_c.pdf,https://portalantigo.ipea.gov.br/portal/index.php?option=com_content&view=article&id=37366,Relatório de Pesquisa
12,08/01/2021 13:33,Identificação das Fontes e Soluções de Financiamento Para o Desenvolvimento Urbano-Metropolitano da Região Metropolitana de Salvador - Componente C,Rodrigo Costa,https://portalantigo.ipea.gov.br/portal/images/stories/PDFs/relatoriopesquisa/210108_relatorio_de_pesquisa_pgmb_rm_salvador_complemento_c.pdf,https://portalantigo.ipea.gov.br/portal/index.php?option=com_content&view=article&id=37352,Relatório de Pesquisa
13,08/01/2021 13:28,Identificação e Caracterização das Relações Interfederativas na Região Metropolitana de Goiânia - Componente A,Rodrigo Costa,https://portalantigo.ipea.gov.br/portal/images/stories/PDFs/relatoriopesquisa/210108_relatorio_de_pesquisa_pgmb_rm_goiania_complemento_a.pdf,https://portalantigo.ipea.gov.br/portal/index.php?option=com_content&view=article&id=37351,Relatório de Pesquisa
14,08/01/2021 13:26,Identificação e Caracterização das Relações Interfederativas na Região Metropolitana de Belo Horizonte - Componente A,Rodrigo Costa,https://portalantigo.ipea.gov.br/portal/images/stories/PDFs/relatoriopesquisa/210108_relatorio_de_pesquisa_pgmb_rm_bh_complemento_a.pdf,https://portalantigo.ipea.gov.br/portal/index.php?option=com_content&view=article&id=37350,Relatório de Pesquisa
15,08/01/2021 13:17,Identificação e Caracterização das Relações Interfederativas na Região Metropolitana de Salvador - Componente A,Rodrigo Costa,https://portalantigo.ipea.gov.br/portal/images/stories/PDFs/relatoriopesquisa/210108_relatorio_de_pesquisa_pgmb_rm_salvador_complemento_a.pdf,https://portalantigo.ipea.gov.br/portal/index.php?option=com_content&view=article&id=37349,Relatório de Pesquisa
16,08/01/2021 13:17,Identificação das Fontes e Soluções de Financiamento Para o Desenvolvimento Urbano-Metropolitano da RIDE-DF - Componente C,Rodrigo Costa,https://portalantigo.ipea.gov.br/portal/images/stories/PDFs/relatoriopesquisa/210108_relatorio_de_pesquisa_pgmb_rm_ride_df_complemento_c.pdf,https://portalantigo.ipea.gov.br/portal/index.php?option=com_content&view=article&id=37348,Relatório de Pesquisa
17,08/01/2021 11:05,"O Processo de Contratação, Elaboração e Implementação dos Planos de Desenvolvimento Urbano Integrado - Componente B",Rodrigo Costa,https://portalantigo.ipea.gov.br/portal/images/stories/PDFs/relatoriopesquisa/210108_relatorio_de_pesquisa_pgmb_rm_vale_paraiba_litoral_norte_complemento_b.pdf,https://portalantigo.ipea.gov.br/portal/index.php?option=com_content&view=article&id=37346,Relatório de Pesquisa
18,08/01/2021 11:00,Processo de Evolução dos Instrumentos de Gestão na Busca Por Uma Relação Interfederativa - Componente B,Rodrigo Costa,https://portalantigo.ipea.gov.br/portal/images/stories/PDFs/relatoriopesquisa/210108_relatorio_de_pesquisa_pgmb_rm_ride_df_complemento_b.pdf,https://portalantigo.ipea.gov.br/portal/index.php?option=com_content&view=article&id=37345,Relatório de Pesquisa
19,08/01/2021 10:55,Identificação das Fontes e Soluções de Financiamento para o Desenvolvimento Urbano-Metropolitano da Região Metropolitana da Grande São Luís - Componente C,Rodrigo Costa,https://portalantigo.ipea.gov.br/portal/images/stories/PDFs/relatoriopesquisa/210108_relatorio_de_pesquisa_pgmb_rm_grande_sao_luis_complemento_c.pdf,https://portalantigo.ipea.gov.br/portal/index.php?option=com_content&view=article&id=37344,Relatório de Pesquisa
20,08/01/2021 10:51,Identificação e Caracterização das Relações Interfederativas na RIDE-DF - Componente A,Rodrigo Costa,https://portalantigo.ipea.gov.br/portal/images/stories/PDFs/relatoriopesquisa/210108_relatorio_de_pesquisa_pgmb_rm_df_complemento_a.pdf,https://portalantigo.ipea.gov.br/portal/index.php?option=com_content&view=article&id=37343,Relatório de Pesquisa
21,08/01/2021 10:47,O Planejamento Metropolitano na RM de Belo Horizonte - Componente B,Rodrigo Costa,https://portalantigo.ipea.gov.br/portal/images/stories/PDFs/relatoriopesquisa/210108_relatorio_de_pesquisa_pgmb_rm_bh_complemento_b.pdf,https://portalantigo.ipea.gov.br/portal/index.php?option=com_content&view=article&id=37342,Relatório de Pesquisa
22,08/01/2021 09:50,O Processo de Elaboração e os Esforços de Implementação do PDUI da Região Metropolitana de Vitória - Componente B,Rodrigo Costa,https://portalantigo.ipea.gov.br/portal/images/stories/PDFs/relatoriopesquisa/210108_relatorio_de_pesquisa_pgmb_rm_vitoria_complemento_b.pdf,https://portalantigo.ipea.gov.br/portal/index.php?option=com_content&view=article&id=37341,Relatório de Pesquisa
23,08/01/2021 09:46,O PDUI da Região Metropolitana do Rio de Janeiro - Componente B,Rodrigo Costa,https://portalantigo.ipea.gov.br/portal/images/stories/PDFs/relatoriopesquisa/210108_relatorio_de_pesquisa_pgmb_rm_rj_complemento_b.pdf,https://portalantigo.ipea.gov.br/portal/index.php?option=com_content&view=article&id=37340,Relatório de Pesquisa
24,08/01/2021 09:42,As Dificuldades de Governança na Região Metropolitana de Natal/RN - Componente B,Rodrigo Costa,https://portalantigo.ipea.gov.br/portal/images/stories/PDFs/relatoriopesquisa/210108_relatorio_de_pesquisa_pgmb_rm_natal_complemento_b.pdf,https://portalantigo.ipea.gov.br/portal/index.php?option=com_content&view=article&id=37339,Relatório de Pesquisa
25,08/01/2021 09:38,Identificação e Caracterização das Relações Interfederativas na Região Metropolitana da Grande Vitória - Componente A,Rodrigo Costa,https://portalantigo.ipea.gov.br/portal/images/stories/PDFs/relatoriopesquisa/210108_relatorio_de_pesquisa_pgmb_rm_grande_vitoria_complemento_a.pdf,https://portalantigo.ipea.gov.br/portal/index.php?option=com_content&view=article&id=37338,Relatório de Pesquisa
26,08/01/2021 09:31,O Processo de Elaboração do Plano Diretor de Desenvolvimento Integrado da Região Metropolitana da Grande São Luís - Componente B,Rodrigo Costa,https://portalantigo.ipea.gov.br/portal/images/stories/PDFs/relatoriopesquisa/210108_relatorio_de_pesquisa_pgmb_rm_grande_sao_luis_complemento_b.pdf,https://portalantigo.ipea.gov.br/portal/index.php?option=com_content&view=article&id=37337,Relatório de Pesquisa
27,06/05/2019 17:41,Adequação dos Arranjos de Governança Metropolitana ao Estatuto da Metrópole e Subsídios à Elaboração dos Planos de Desenvolvimento Urbano Integrado (PDUIs): Região Metropolitana de Florianópolis,,https://portalantigo.ipea.gov.br/portal/images/stories/PDFs/relatoriopesquisa/190506_adequacao_de_arranjos_florianopolis.pdf,https://portalantigo.ipea.gov.br/portal/index.php?option=com_content&view=article&id=34719,Relatório de Pesquisa
28,22/01/2019 14:20,Arranjo de Governança Interfederativa na Região Metropolitana do Recife com Base no Estatuto da Metrópole,,https://portalantigo.ipea.gov.br/portal/images/stories/PDFs/relatoriopesquisa/190122_relatorio_de_pesquisa_arranjo_de_governanca_interfederativa_recife.pdf,https://portalantigo.ipea.gov.br/portal/index.php?option=com_content&view=article&id=34562,Relatório de Pesquisa
29,18/01/2019 07:39,Adequação dos Arranjos de Governança Metropolitana ao Estatuto da Metrópole e Subsídios à Elaboração dos Planos de Desenvolvimento Urbano Integrado (PDUI): Região Metropolitana de Porto Alegre,Rodrigo Costa,https://portalantigo.ipea.gov.br/portal/images/stories/PDFs/relatoriopesquisa/190118_relatorio_pesquisa_adequacao_porto_alegre.pdf,https://portalantigo.ipea.gov.br/portal/index.php?option=com_content&view=article&id=34558,Relatório de Pesquisa
30,14/01/2019 14:21,A Implementação do Estatuto da Metrópole na Região Metropolitana de Belo Horizonte,,https://portalantigo.ipea.gov.br/portal/images/stories/PDFs/relatoriopesquisa/190114_relatorio_de_pesquisa_implementacao_BH.pdf,https://portalantigo.ipea.gov.br/portal/index.php?option=com_content&view=article&id=34547,Relatório de Pesquisa
31,10/10/2018 16:34,Governança Metropolitana no Brasil - Análise do Processo de Institucionalização da Gestão e Governança Metropolitanas na Região Metropolitana do Rio de Janeiro,,https://portalantigo.ipea.gov.br/portal/images/stories/PDFs/relatoriopesquisa/181010_relatorio_pesquisa_analise_RJ.pdf,https://portalantigo.ipea.gov.br/portal/index.php?option=com_content&view=article&id=34347,Relatório de Pesquisa
32,23/02/2018 18:45,A Implementação do Estatuto da Metrópole na Região Metropolitana de Salvador,,https://portalantigo.ipea.gov.br/portal/images/stories/PDFs/relatoriopesquisa/180223_relatorio_implementacao_salvador.pdf,https://portalantigo.ipea.gov.br/portal/index.php?option=com_content&view=article&id=32452,Relatório de Pesquisa
33,19/02/2018 18:45,Projeto Governança Metropolitana no Brasil - Adequação dos arranjos de governança metropolitana ao estatuto da metrópole e subsídio à elaboração dos planos de desenvolvimento urbano integrado: o caso da RM Grande Vitória,,https://portalantigo.ipea.gov.br/portal/images/stories/PDFs/relatoriopesquisa/180219_relatorio_adequacao_dos_arranjos_de_governanca_metropolitana.pdf,https://portalantigo.ipea.gov.br/portal/index.php?option=com_content&view=article&id=32386,Relatório de Pesquisa
34,24/10/2017 09:42,"Usos Y Políticas del Cannabis en la Frontera Uruguay-Brasil: Percepciones, moralidades y trayectorias de actores públicos y usuarios de cannabis en las ciudades de Artigas, Rivera, Rio Branco y Chuy",Rodrigo Costa,https://portalantigo.ipea.gov.br/portal/images/stories/PDFs/relatoriopesquisa/171024_relatorio_usos_y_politicas_del_cannabis.pdf,https://portalantigo.ipea.gov.br/portal/index.php?option=com_content&view=article&id=31388,Relatório de Pesquisa
35,06/07/2017 14:58,O Que Pensam os Servidores sobre o Planejamento? Percepção sobre o Processo de Elaboração e Acompanhamento do Plano Plurianual (PPA),Rodrigo Costa,https://portalantigo.ipea.gov.br/portal/images/stories/PDFs/relatoriopesquisa/170706_relatorio_pesquisa_que_pensam_servidores_sobre_planejamento.pdf,https://portalantigo.ipea.gov.br/portal/index.php?option=com_content&view=article&id=30472,Relatório de Pesquisa
36,06/07/2017 14:56,Monitoramento dos Efeitos da Nova Política Uruguaia de Regulação do Mercado de Cannabis sobre a Zona de Fronteira: vitimização e percepção social em políticas sobre drogas na fronteira brasileira com o Uruguai,Rodrigo Costa,https://portalantigo.ipea.gov.br/portal/images/stories/PDFs/relatoriopesquisa/170706_relatorio_pesquisa_monitoramento_efeitos_nova_politica_uruguaia_regulacao_mercado_cannabis_zona_fronteira.pdf,https://portalantigo.ipea.gov.br/portal/index.php?option=com_content&view=article&id=30471,Relatório de Pesquisa
37,06/07/2017 14:52,O Consumo de Drogas e a Saúde Pública na Zona de Fronteira entre Brasil e Uruguai: resultados qualitativos,Rodrigo Costa,https://portalantigo.ipea.gov.br/portal/images/stories/PDFs/relatoriopesquisa/170706_relatorio_pesquisa_consumo_drogas_saude_publica_zona_fronteira_brasil_uruguai.PDF,https://portalantigo.ipea.gov.br/portal/index.php?option=com_content&view=article&id=30470,Relatório de Pesquisa
38,31/05/2017 11:00,Representação da Sociedade Civil nos Conselhos e Comissões Nacionais,Rodrigo Costa,https://portalantigo.ipea.gov.br/portal/images/stories/PDFs/relatoriopesquisa/170531_relatorio_pesquisa_representacao_sociedade_civil_conselhos_comissoes_nacionais.pdf,https://portalantigo.ipea.gov.br/portal/index.php?option=com_content&view=article&id=30214,Relatório de Pesquisa
39,04/05/2017 18:07,Monitoreo y Evaluación de los Efectos de la Nueva Política Uruguaya de Regulación del Mercado de Cannabis sobre la Seguridad en la Zona de Frontera - Percepción de los Agentes de seguridad y actores del sistema de justicia criminal Uruguayos,,https://portalantigo.ipea.gov.br/portal/images/stories/PDFs/relatoriopesquisa/20170504_relatorio_136330.pdf,https://portalantigo.ipea.gov.br/portal/index.php?option=com_content&view=article&id=29975,Relatório de Pesquisa
40,13/04/2017 14:24,A Juventude Rural no III Festival da Juventude da Contag,Rodrigo Costa,https://portalantigo.ipea.gov.br/portal/images/stories/PDFs/relatoriopesquisa/170413_relatorio_pesquisa_a_juventude_rural_3_festival_juventude_contag.pdf,https://portalantigo.ipea.gov.br/portal/index.php?option=com_content&view=article&id=29833,Relatório de Pesquisa
41,13/04/2017 14:19,Estado da Arte em Métodos de Construção de Matrizes Origem-destino para o Transporte de Cargas Inter-regional (Relatório 9),Rodrigo Costa,https://portalantigo.ipea.gov.br/portal/images/stories/PDFs/relatoriopesquisa/170413_relatorio_pesquisa_estado_arte_metodos_construcao_matrizes_origem_destino.pdf,https://portalantigo.ipea.gov.br/portal/index.php?option=com_content&view=article&id=29832,Relatório de Pesquisa
42,13/04/2017 14:10,Projeções das Matrizes O/D de Carga e Passageiros: aplicando os modelos de geração e distribuição de viagens com as projeções socioeconômicas,Rodrigo Costa,https://portalantigo.ipea.gov.br/portal/images/stories/PDFs/relatoriopesquisa/170413_relatorio_pesquisa_construcao_matriz_origem_destino_transporte_inter_regional.pdf,https://portalantigo.ipea.gov.br/portal/index.php?option=com_content&view=article&id=29831,Relatório de Pesquisa
43,13/04/2017 11:06,Condicionantes Institucionais à Execução do Investimento em Infraestrutura no Brasil: o caso da UTE Candiota – fase III,Rodrigo Costa,https://portalantigo.ipea.gov.br/portal/images/stories/PDFs/relatoriopesquisa/170413_relatorio_pesquisa_condic_institu_exec_invest_infra_brasil_caso_ute_candiota.pdf,https://portalantigo.ipea.gov.br/portal/index.php?option=com_content&view=article&id=29827,Relatório de Pesquisa
44,07/04/2017 09:06,Métodos de Estimação da Matriz Origem-destino para o Transporte Aéreo de Passageiros (Relatório 11),Rodrigo Costa,https://portalantigo.ipea.gov.br/portal/images/stories/PDFs/relatoriopesquisa/170407_relatorio_pesquisa_metodos_estimacao_matriz_origem_destino_transporte_aereo.pdf,https://portalantigo.ipea.gov.br/portal/index.php?option=com_content&view=article&id=29776,Relatório de Pesquisa
45,24/03/2017 08:48,Cenários de Projeção das Atividades Econômicas por UF para a Projeção da Matriz Origem-Destino de Transporte de Cargas Inter-regional (Relatório 5),Rodrigo Costa,https://portalantigo.ipea.gov.br/portal/images/stories/PDFs/relatoriopesquisa/170324_cenarios_projecao_atividades_economicas_uf_projecao.pdf,https://portalantigo.ipea.gov.br/portal/index.php?option=com_content&view=article&id=29663,Relatório de Pesquisa
46,01/03/2017 14:58,Estado da Arte de Métodos de Estimação de Matrizes Origem-Destino para Passageiros a Longa Distância (Relatório 10),Rodrigo Costa,https://portalantigo.ipea.gov.br/portal/images/stories/PDFs/relatoriopesquisa/170301_rp_est_da_art_metod_estim_matriz_orig_dest_passag_longa_dist_rel_10.PDF,https://portalantigo.ipea.gov.br/portal/index.php?option=com_content&view=article&id=29492,Relatório de Pesquisa
47,22/02/2017 11:16,Condicionantes Institucionais aos Investimentos em Infraestrutura no Brasil: sistema metroviário de Salvador e Lauro de Freitas,Rodrigo Costa,https://portalantigo.ipea.gov.br/portal/images/stories/PDFs/relatoriopesquisa/170222_rp_condic_inst_invest_infra_brasil_sist_metro_salvador_lauro_freitas.PDF,https://portalantigo.ipea.gov.br/portal/index.php?option=com_content&view=article&id=29477,Relatório de Pesquisa
48,21/02/2017 14:25,Construção da matriz origem destino de transporte inter-regional de cargas e passageiros para o plano nacional de logística integrada (relatório 6),Rodrigo Costa,https://portalantigo.ipea.gov.br/portal/images/stories/PDFs/relatoriopesquisa/170221_relatorio_pesquisa_const_matriz_orig_dest_transp_inter_reg_cargas_rel_6.PDF,https://portalantigo.ipea.gov.br/portal/index.php?option=com_content&view=article&id=29472,Relatório de Pesquisa
49,17/02/2017 18:05,CONSTRUÇÃO DA MATRIZ ORIGEM-DESTINO DE TRANSPORTE INTER-REGIONAL DE CARGAS E PASSAGEIROS PARA O PLANO NACIONAL DE LOGÍSTICA INTEGRADA - Modelos de Distribuição para Matriz Origem-Destino de transporte de Cargas Inter-regional: desenvolvimento de um conjunto de ferramentas e calibração inicial (Relatório 4),,https://portalantigo.ipea.gov.br/portal/images/stories/PDFs/relatoriopesquisa/20170217_relatorio_rel4_modelos.pdf,https://portalantigo.ipea.gov.br/portal/index.php?option=com_content&view=article&id=29460,Relatório de Pesquisa
50,17/02/2017 17:52,Monitoramento dos efeitos da nova política uruguaia de regulação do mercado de cannabis sobre a zona de fronteira: percepção das autoridades de segurança e dos atores do sistema de justiça criminal,,https://portalantigo.ipea.gov.br/portal/images/stories/PDFs/relatoriopesquisa/20170217_monitoramento-efeitos.pdf,https://portalantigo.ipea.gov.br/portal/index.php?option=com_content&view=article&id=29459,Relatório de Pesquisa
51,17/02/2017 17:19,A implementação do estatuto da metrópole na região metropolitana de São Paulo,,https://portalantigo.ipea.gov.br/portal/images/stories/PDFs/relatoriopesquisa/20170217_relatorio_implementacao-estatuto.pdf,https://portalantigo.ipea.gov.br/portal/index.php?option=com_content&view=article&id=29458,Relatório de Pesquisa
52,19/01/2017 09:54,Construção da matriz origem destino de transporte inter-regional de cargas e passageiros para o plano nacional de logística integrada (relatório 7),Rodrigo Costa,https://portalantigo.ipea.gov.br/portal/images/stories/PDFs/relatoriopesquisa/170221_relatorio_pesquisa_const_matriz_orig_dest_transp_inter_reg_cargas_rel_7.PDF,https://portalantigo.ipea.gov.br/portal/index.php?option=com_content&view=article&id=29266,Relatório de Pesquisa
53,09/01/2017 16:29,Construção da Matriz Origem-Destino Observada para Transporte de Cargas Inter-regional (Relatório 2),,https://portalantigo.ipea.gov.br/portal/images/stories/PDFs/relatoriopesquisa/20170109_rp_construcao-da-matriz-origem-destino.pdf,https://portalantigo.ipea.gov.br/portal/index.php?option=com_content&view=article&id=29230,Relatório de Pesquisa
54,09/01/2017 16:23,Desenho da Pesquisa Origem-Destino do Transporte Rodoviário no Brasil (Relatório 1),,https://portalantigo.ipea.gov.br/portal/images/stories/PDFs/relatoriopesquisa/20170209_rp_desenho-da-pesquisa-origem-destino-do-transporte.pdf,https://portalantigo.ipea.gov.br/portal/index.php?option=com_content&view=article&id=29229,Relatório de Pesquisa
55,05/01/2017 09:11,Condicionantes Institucionais aos Investimentos em Infraestrutura no Brasil: o caso do BRT SUL do DF,Rodrigo Costa,https://portalantigo.ipea.gov.br/portal/images/stories/PDFs/relatoriopesquisa/120105_relatorio_pesquisa_cond_inst_invest_infra_brasil_caso_brt_sul_do_df.pdf,https://portalantigo.ipea.gov.br/portal/index.php?option=com_content&view=article&id=29212,Relatório de Pesquisa
56,04/01/2017 15:58,Modelos de Regressão para Geração e Atração de Viagens do Transporte de Cargas Inter-regional (Relatório 3),,https://portalantigo.ipea.gov.br/portal/images/stories/PDFs/relatoriopesquisa/170104_relatorio_pesquisa_modelos-de-regressao.pdf,https://portalantigo.ipea.gov.br/portal/index.php?option=com_content&view=article&id=29211,Relatório de Pesquisa
57,12/12/2016 09:55,Condicionantes institucionais à execução do investimento em infraestrutura: achados e recomendações,Rodrigo Costa,https://portalantigo.ipea.gov.br/portal/images/stories/PDFs/relatoriopesquisa/161212_relatorio_pesquisa_cond_inst_exec_invest_infra_achados_recomendacoes.pdf,https://portalantigo.ipea.gov.br/portal/index.php?option=com_content&view=article&id=29156,Relatório de Pesquisa
58,23/11/2016 11:19,A Evolução Recente da Abrangência do Programa de Abono Salarial,Rodrigo Costa,https://portalantigo.ipea.gov.br/portal/images/stories/PDFs/relatoriopesquisa/161123_relatorio_pesquisa_evolucao_recente_abrangencia_programa_abono_salarial.pdf,https://portalantigo.ipea.gov.br/portal/index.php?option=com_content&view=article&id=29015,Relatório de Pesquisa
59,07/11/2016 15:40,A Aprendizagem e a Inserção de Jovens no Mercado de Trabalho: Uma Análise com Base na RAIS,,https://portalantigo.ipea.gov.br/portal/images/stories/PDFs/relatoriopesquisa/20161107_relatorio-118394.pdf,https://portalantigo.ipea.gov.br/portal/index.php?option=com_content&view=article&id=28898,Relatório de Pesquisa
60,07/11/2016 15:36,Economia dos Cuidados: Marco Teórico-conceitual,,https://portalantigo.ipea.gov.br/portal/images/stories/PDFs/relatoriopesquisa/20161107_relatorio_economiadoscuidados.pdf,https://portalantigo.ipea.gov.br/portal/index.php?option=com_content&view=article&id=28897,Relatório de Pesquisa
61,26/10/2016 14:52,Os Novos Dados do Mapeamento de Economia Solidária no Brasil: notas metodológicas e análise das dimensões socioestruturais dos empreendimentos,Rodrigo Costa,https://portalantigo.ipea.gov.br/portal/images/stories/PDFs/relatoriopesquisa/161026_relatorio_pesquisa_novos_dados_mapeamento_economia_solidaria_brasil.pdf,https://portalantigo.ipea.gov.br/portal/index.php?option=com_content&view=article&id=28818,Relatório de Pesquisa
62,26/10/2016 09:34,Rede urbana brasileira como agenda de pesquisa no Ipea: retrospecto e perspectivas,Rodrigo Costa,https://portalantigo.ipea.gov.br/portal/images/stories/PDFs/relatoriopesquisa/161026_relatorio_pesquisa_rede_urbana_brasileira_agenda_pesquisa_ipea_retrospecto_perspectivas.pdf,https://portalantigo.ipea.gov.br/portal/index.php?option=com_content&view=article&id=28813,Relatório de Pesquisa
63,26/10/2016 09:33,Logística e Transportes no Brasil: uma análise do programa de investimentos 2013-2017 em rodovias e ferrovias,Rodrigo Costa,https://portalantigo.ipea.gov.br/portal/images/stories/PDFs/relatoriopesquisa/161026_relatorio_pesquisa_logistica_transportes_brasil.pdf,https://portalantigo.ipea.gov.br/portal/index.php?option=com_content&view=article&id=28812,Relatório de Pesquisa
64,19/10/2016 10:22,Retrato das Áreas Centrais do Brasil,Rodrigo Costa,https://portalantigo.ipea.gov.br/portal/images/stories/PDFs/relatoriopesquisa/161019_relatorio_pesquisa_retrato_areas_urbanas_centrais_brasil.pdf,https://portalantigo.ipea.gov.br/portal/index.php?option=com_content&view=article&id=28774,Relatório de Pesquisa
65,15/09/2016 15:15,II Pesquisa Nacional sobre Educação na Reforma Agrária: Estado de Minas Gerais,Rodrigo Costa,https://portalantigo.ipea.gov.br/portal/images/stories/PDFs/relatoriopesquisa/160915_relatorio_pnera_minas_gerais.pdf,https://portalantigo.ipea.gov.br/portal/index.php?option=com_content&view=article&id=28543,Relatório de Pesquisa
66,02/09/2016 17:25,II Pesquisa Nacional sobre Educação na Reforma Agrária: Avaliação de Ações no Maranhão,,https://portalantigo.ipea.gov.br/portal/images/stories/PDFs/relatoriopesquisa/160902_relatorio_pnera_maranhao.pdf,https://portalantigo.ipea.gov.br/portal/index.php?option=com_content&view=article&id=28488,Relatório de Pesquisa
67,28/07/2016 14:12,II Pesquisa Nacional sobre Educação na Reforma Agrária: pesquisa qualitativa no estado do Paraná,Rodrigo Costa,https://portalantigo.ipea.gov.br/portal/images/stories/PDFs/relatoriopesquisa/160728_relatorio_pnera_parana.pdf,https://portalantigo.ipea.gov.br/portal/index.php?option=com_content&view=article&id=28250,Relatório de Pesquisa
68,25/07/2016 14:22,II Pesquisa Nacional sobre Educação na Reforma Agrária: uma análise sobre o estado da Paraíba (1998-2011),Rodrigo Costa,https://portalantigo.ipea.gov.br/portal/images/stories/PDFs/relatoriopesquisa/160725_relatorio_pnera_paraiba.pdf,https://portalantigo.ipea.gov.br/portal/index.php?option=com_content&view=article&id=28226,Relatório de Pesquisa
69,30/06/2016 16:51,O Programa Nacional de Educação na Reforma Agrária: entre Experiências Vividas e Análises Científicas,,https://portalantigo.ipea.gov.br/portal/images/stories/PDFs/relatoriopesquisa/160630_relatorio_o-programa-nacional.pdf,https://portalantigo.ipea.gov.br/portal/index.php?option=com_content&view=article&id=28057,Relatório de Pesquisa
70,21/06/2016 10:17,II Pesquisa Nacional sobre Educação na Reforma Agrária: repercussões no estado do Ceará,Rodrigo Costa,https://portalantigo.ipea.gov.br/portal/images/stories/PDFs/relatoriopesquisa/160621_relatorio_pnera_ceara.pdf,https://portalantigo.ipea.gov.br/portal/index.php?option=com_content&view=article&id=27992,Relatório de Pesquisa
71,27/05/2016 18:08,Análise Econômica da Defesa da Concorrência no Brasil,,https://portalantigo.ipea.gov.br/portal/images/stories/PDFs/relatoriopesquisa/160527_relatorio_analiseeconomica.pdf,https://portalantigo.ipea.gov.br/portal/index.php?option=com_content&view=article&id=27844,Relatório de Pesquisa
72,16/05/2016 15:36,Estimativa dos Custos dos Acidentes de Trânsito no Brasil com Base na Atualização Simplificada das Pesquisas Anteriores do Ipea,,https://portalantigo.ipea.gov.br/portal/images/stories/PDFs/relatoriopesquisa/160516_relatorio_estimativas.pdf,https://portalantigo.ipea.gov.br/portal/index.php?option=com_content&view=article&id=27755,Relatório de Pesquisa
73,22/04/2016 17:54,II Pesquisa Nacional sobre Educação na Reforma Agrária: uma análise sobre o estado de Mato Grosso do Sul (1998-2011),,https://portalantigo.ipea.gov.br/portal/images/stories/PDFs/relatoriopesquisa/relatorio_pnera-matogrossodosul.pdf,https://portalantigo.ipea.gov.br/portal/index.php?option=com_content&view=article&id=27609,Relatório de Pesquisa
74,22/04/2016 17:48,Economias Baseadas em Biomas: estudo das cadeias de comercialização de produtos florestais não madeireiros na região de planejamento dos Lençóis Maranhenses,,https://portalantigo.ipea.gov.br/portal/images/stories/PDFs/relatoriopesquisa/relatorio_economiasbaseadas.pdf,https://portalantigo.ipea.gov.br/portal/index.php?option=com_content&view=article&id=27608,Relatório de Pesquisa
75,19/04/2016 11:23,"II Cadeias de Comercialização de Produtos Florestais não Madeireiros na Região de Integração Rio Capim, Estado do Pará",,https://portalantigo.ipea.gov.br/portal/images/stories/PDFs/relatoriopesquisa/relatorio_cadeias-de-comercializacao.pdf,https://portalantigo.ipea.gov.br/portal/index.php?option=com_content&view=article&id=27581,Relatório de Pesquisa
76,13/04/2016 17:30,II Pesquisa Nacional sobre Educação na Reforma Agrária: repercussões no estado do Pará (regiões sul e sudeste),,https://portalantigo.ipea.gov.br/portal/images/stories/PDFs/relatoriopesquisa/relatorio_pnera_sul_sudeste_web.pdf,https://portalantigo.ipea.gov.br/portal/index.php?option=com_content&view=article&id=27548,Relatório de Pesquisa
77,13/04/2016 10:02,Reserva de Vagas para Negros na Administração Pública,Rodrigo Costa,https://portalantigo.ipea.gov.br/portal/images/stories/PDFs/relatoriopesquisa/160413_relatorio_reserva_vagas_negros_adm_publica.pdf,https://portalantigo.ipea.gov.br/portal/index.php?option=com_content&view=article&id=27543,Relatório de Pesquisa
78,28/01/2016 10:13,Caracterização e Quadros de Análise Comparativa da Governança Metropolitana no Brasil: análise comparativa das funções públicas de interesse comum (Componente 2) - Região Metropolitana de Belém,Rodrigo Costa,https://portalantigo.ipea.gov.br/portal/images/stories/PDFs/relatoriopesquisa/160128_relatorio_rm_belem.pdf,https://portalantigo.ipea.gov.br/portal/index.php?option=com_content&view=article&id=27068,Relatório de Pesquisa
79,14/01/2016 14:06,Projeto Coleta OGU 2014,Rodrigo Costa,https://portalantigo.ipea.gov.br/portal/images/stories/PDFs/relatoriopesquisa/160114_projeto_coleta_ogu_2014.pdf,https://portalantigo.ipea.gov.br/portal/index.php?option=com_content&view=article&id=27028,Relatório de Pesquisa
80,28/12/2015 10:58,,Rodrigo Costa,https://portalantigo.ipea.gov.br/portal/images/stories/PDFs/livros/livros/151228_transicoes_escola_para_mercado_trabalho_mulheres_homens_jovens_brasil.pdf,https://portalantigo.ipea.gov.br/portal/index.php?option=com_content&view=article&id=26995,Transições da escola para o trabalho dos jovens homens e mulheres no Brasil
81,28/12/2015 10:50,,Rodrigo Costa,https://portalantigo.ipea.gov.br/portal/images/stories/PDFs/livros/livros/151228_juventude_trabalho_informal_brasil.pdf,https://portalantigo.ipea.gov.br/portal/index.php?option=com_content&view=article&id=26994,Juventude e Trabalho Informal no Brasil
82,28/12/2015 10:40,,Rodrigo Costa,https://portalantigo.ipea.gov.br/portal/images/stories/PDFs/livros/livros/151228_insercao_jovens_mercado_trabalho_brasileiro.pdf,https://portalantigo.ipea.gov.br/portal/index.php?option=com_content&view=article&id=26993,Inserção dos Jovens no mercado de trabalho brasileiro: evolução e desigualdades no período 2006-2013
83,28/12/2015 10:32,,Rodrigo Costa,https://portalantigo.ipea.gov.br/portal/images/stories/PDFs/livros/livros/151228_informalidade_trabalho_juventude_brasil.pdf,https://portalantigo.ipea.gov.br/portal/index.php?option=com_content&view=article&id=26992,A informalidade do Trabalho da Juventude no Brasil: o que pensam os/as integrantes do subcomitê da agenda nacional de trabalho decente para juventude
84,28/12/2015 10:26,,Rodrigo Costa,https://portalantigo.ipea.gov.br/portal/images/stories/PDFs/livros/livros/151228_educacao_dos_jovens_brasileiros.pdf,https://portalantigo.ipea.gov.br/portal/index.php?option=com_content&view=article&id=26991,Mais e melhor educação: educação dos jovens brasileiros no período 2006-2013
85,28/12/2015 10:18,,Rodrigo Costa,https://portalantigo.ipea.gov.br/portal/images/stories/PDFs/livros/livros/151228_conciliacao_dos_estudos.pdf,https://portalantigo.ipea.gov.br/portal/index.php?option=com_content&view=article&id=26990,"Conciliação dos estudos, trabalho e vida familiar na juventude brasileira"
86,28/12/2015 10:05,,Rodrigo Costa,https://portalantigo.ipea.gov.br/portal/images/stories/PDFs/livros/livros/151228_dialogos_social_trabalho_decente.pdf,https://portalantigo.ipea.gov.br/portal/index.php?option=com_content&view=article&id=26989,Diálogo Social e Trabalho Decente para a Juventude no Brasil
87,28/12/2015 08:40,Caracterização e Quadros de Análise Comparativa da Governança Metropolitana no Brasil: análise comparativa das funções públicas de interesse comum (Componente 2) - Região Metropolitana de Salvador,Rodrigo Costa,https://portalantigo.ipea.gov.br/portal/images/stories/PDFs/relatoriopesquisa/151228_relatorio_analise_salvador_2.pdf,https://portalantigo.ipea.gov.br/portal/index.php?option=com_content&view=article&id=26985,Relatório de Pesquisa
88,28/12/2015 08:30,Caracterização e Quadros de Análise Comparativa da Governança Metropolitana no Brasil: análise comparativa das funções públicas de interesse comum (Componente 2) - Região Metropolitana de Belo Horizonte,Rodrigo Costa,https://portalantigo.ipea.gov.br/portal/images/stories/PDFs/relatoriopesquisa/151228_relatorio__rmbh.pdf,https://portalantigo.ipea.gov.br/portal/index.php?option=com_content&view=article&id=26984,Relatório de Pesquisa
89,16/12/2015 12:31,Dimensionamento do estoque processual em 2ª Instância do Tribunal de Justiça do Estado de São Paulo: Estudo da evolução no período de 2009 a 2013 e estimativa para os próximos 10 anos,Rodrigo Costa,https://portalantigo.ipea.gov.br/portal/images/stories/PDFs/relatoriopesquisa/151216_relatorio_dimensionamento.pdf,https://portalantigo.ipea.gov.br/portal/index.php?option=com_content&view=article&id=26962,Relatório de Pesquisa
90,16/12/2015 12:24,Desburocratização dos Cartórios Judiciais: análise dos juizados especiais do tribunal de justiça de São Paulo,Rodrigo Costa,https://portalantigo.ipea.gov.br/portal/images/stories/PDFs/relatoriopesquisa/151216_relatorio_desburocratizacao.pdf,https://portalantigo.ipea.gov.br/portal/index.php?option=com_content&view=article&id=26961,Relatório de Pesquisa
91,03/12/2015 15:37,"Desenvolvimento de Metodologia de Avaliação Pós-Ocupação em Unidades Habitacionais na Cidade de Uberlândia, Pertencentes à Primeira Fase do MCMV, Enfocando Aspectos Funcionais, Comportamentais e Ambientais",,https://portalantigo.ipea.gov.br/portal/images/stories/PDFs/relatoriopesquisa/2015.12.03-relatorio_desenvolvimento_de_metodologia.pdf,https://portalantigo.ipea.gov.br/portal/index.php?option=com_content&view=article&id=26849,Relatório de Pesquisa
92,27/11/2015 16:43,Contribuições ao Entendimento e Representação da Rede Urbana do Brasil,,https://portalantigo.ipea.gov.br/portal/images/stories/PDFs/relatoriopesquisa/2015.11.27-relatorio_contribuicoes.pdf,https://portalantigo.ipea.gov.br/portal/index.php?option=com_content&view=article&id=26821,Relatório de Pesquisa
93,27/11/2015 14:56,Cadeias de Comercialização de Produtos Florestais não Madeireiros na Região Sul do Amapá,,https://portalantigo.ipea.gov.br/portal/images/stories/PDFs/relatoriopesquisa/2015.11.27-relatorio_cadeias-de-comercializacao.pdf,https://portalantigo.ipea.gov.br/portal/index.php?option=com_content&view=article&id=26799,Relatório de Pesquisa
94,18/11/2015 11:37,Caracterização e Quadros de Análise Comparativa da Governança Metropolitana no Brasil: arranjos institucionais de gestão metropolitana (Componente 1) - Região Integrada de Desenvolvimento Econômico do Distrito Federal (Ride/DF) e Entorno,,https://portalantigo.ipea.gov.br/portal/images/stories/PDFs/relatoriopesquisa/151118_relatorio_analise_distrito_federal-comp1.pdf,https://portalantigo.ipea.gov.br/portal/index.php?option=com_content&view=article&id=26722,Relatório de Pesquisa
95,18/11/2015 10:46,Boas Práticas de Gestão de Resíduos Sólidos Urbanos e de Logística Reversa com a Inclusão de Catadoras e deCatadores de Materiais Recicláveis,,https://portalantigo.ipea.gov.br/portal/images/stories/PDFs/relatoriopesquisa/2015.11.18-relatorio_boas%20praticas.pdf,https://portalantigo.ipea.gov.br/portal/index.php?option=com_content&view=article&id=26721,Relatório de Pesquisa
96,03/11/2015 16:18,Governança Metropolitana no Brasil Caracterização e Quadros de Análise Comparativa da Governança Metropolitana no Brasil: arranjos institucionais de gestão metropolitana (Componente 1) -RM de Salvador,,https://portalantigo.ipea.gov.br/portal/images/stories/PDFs/relatoriopesquisa/relatorio_1.1_revisao_final_salvador,https://portalantigo.ipea.gov.br/portal/index.php?option=com_content&view=article&id=26587,Relatório de Pesquisa
97,03/11/2015 10:25,Caracterização e Quadros de Análise Comparativa da Governança Metropolitana no Brasil: análise comparativa das funções públicas de interesse comum (Componente 2) - RIDE do Distrito Federal e Entorno,Rodrigo Costa,https://portalantigo.ipea.gov.br/portal/images/stories/PDFs/relatoriopesquisa/151103_relatorio_analise_distrito_federal.pdf,https://portalantigo.ipea.gov.br/portal/index.php?option=com_content&view=article&id=26582,Relatório de Pesquisa
98,27/10/2015 15:13,Caracterização e Quadros de Análise Comparativa da Governança Metropolitana no Brasil: arranjos institucionais de gestão metropolitana (Componente 1)- RM de Belém,,https://portalantigo.ipea.gov.br/portal/images/stories/PDFs/relatoriopesquisa/rel_1_1_rm_belem.pdf,https://portalantigo.ipea.gov.br/portal/index.php?option=com_content&view=article&id=26551,Relatório de Pesquisa
99,20/10/2015 15:43,Caracterização e Quadros de Análise Comparativa da Governança Metropolitana no Brasil: arranjos institucionais de gestão metropolitana (Componente 1) - RM de Belo Horizonte,,https://portalantigo.ipea.gov.br/portal/images/stories/PDFs/relatoriopesquisa/151020_relatorio_governanca-metropolitana-no-brasil.pdf,https://portalantigo.ipea.gov.br/portal/index.php?option=com_content&view=article&id=26503,Relatório de Pesquisa
100,13/10/2015 16:26,Caracterização e Quadros de Análise Comparativa da Governança Metropolitana no Brasil: análise comparativa das funções públicas de interesse comum (Componente 2) - RM de Fortaleza,Rodrigo Costa,https://portalantigo.ipea.gov.br/portal/images/stories/PDFs/relatoriopesquisa/151013_relatorio_analise_fortaleza2.pdf,https://portalantigo.ipea.gov.br/portal/index.php?option=com_content&view=article&id=26452,Relatório de Pesquisa
101,01/10/2015 11:44,Caracterização e Quadros de Análise Comparativa da Governança Metropolitana no Brasil: arranjos institucionais de gestão metropolitana (Componente 1) - RM da Grande Vitória,Rodrigo Costa,https://portalantigo.ipea.gov.br/portal/images/stories/PDFs/relatoriopesquisa/150909_relatorio_arranjo_grande_vitoria.pdf,https://portalantigo.ipea.gov.br/portal/index.php?option=com_content&view=article&id=26367,Relatório de Pesquisa
102,01/10/2015 11:40,Caracterização e Quadros de Análise Comparativa da Governança Metropolitana no Brasil: análise comparativa das funções públicas de interesse comum (Componente 2) - RM da Grande Vitória,Rodrigo Costa,https://portalantigo.ipea.gov.br/portal/images/stories/PDFs/relatoriopesquisa/62592_relatorio_rmgv.pdf,https://portalantigo.ipea.gov.br/portal/index.php?option=com_content&view=article&id=26366,Relatório de Pesquisa
103,01/10/2015 11:37,Caracterização e Quadros de Análise Comparativa da Governança Metropolitana no Brasil: arranjos institucionais de gestão metropolitana (Componente 1) - RM do Vale do Rio Cuiabá,Rodrigo Costa,https://portalantigo.ipea.gov.br/portal/images/stories/PDFs/relatoriopesquisa/150814_relatorio_arranjos_valeriocuiba.pdf,https://portalantigo.ipea.gov.br/portal/index.php?option=com_content&view=article&id=26365,Relatório de Pesquisa
104,01/10/2015 11:25,Caracterização e Quadros de Análise Comparativa da Governança Metropolitana no Brasil: análise comparativa das funções públicas de interesse comum (Componente 2) - RM de São Paulo,Rodrigo Costa,https://portalantigo.ipea.gov.br/portal/images/stories/PDFs/relatoriopesquisa/151208_relatorio_analise_comparativa_rm_sao_paulo.pdf,https://portalantigo.ipea.gov.br/portal/index.php?option=com_content&view=article&id=26364,Relatório de Pesquisa
105,01/10/2015 11:21,Caracterização e Quadros de Análise Comparativa da Governança Metropolitana no Brasil: arranjos institucionais de gestão metropolitana (Componente 1) - RM de São Paulo,Rodrigo Costa,https://portalantigo.ipea.gov.br/portal/images/stories/PDFs/relatoriopesquisa/150730_relatorio_arranjos_saopaulo.pdf,https://portalantigo.ipea.gov.br/portal/index.php?option=com_content&view=article&id=26363,Relatório de Pesquisa
106,01/10/2015 11:21,Caracterização e Quadros de Análise Comparativa da Governança Metropolitana no Brasil:análise comparativa das funções públicas de interesse comum (Componente 2) - RM da Grande São Luís,Rodrigo Costa,https://portalantigo.ipea.gov.br/portal/images/stories/PDFs/relatoriopesquisa/151103_relatorio_analise_comparativa_grande_sao_luis.pdf,https://portalantigo.ipea.gov.br/portal/index.php?option=com_content&view=article&id=26362,Relatório de Pesquisa
107,01/10/2015 11:16,Caracterização e Quadros de Análise Comparativa da Governança Metropolitana no Brasil:análise comparativa das funções públicas de interesse comum (Componente 2) - RM do Rio de Janeiro,Rodrigo Costa,https://portalantigo.ipea.gov.br/portal/images/stories/PDFs/relatoriopesquisa/150909_analise_componente2_riode_janeiro.pdf,https://portalantigo.ipea.gov.br/portal/index.php?option=com_content&view=article&id=26361,Relatório de Pesquisa
108,01/10/2015 11:15,Caracterização e Quadros de Análise Comparativa da Governança Metropolitana no Brasil:arranjos institucionais de gestão metropolitana (Componente 1) - RM do Rio de Janeiro,Rodrigo Costa,https://portalantigo.ipea.gov.br/portal/images/stories/PDFs/relatoriopesquisa/150820_relatorio_arranjos_riode_janeiro.pdf,https://portalantigo.ipea.gov.br/portal/index.php?option=com_content&view=article&id=26360,Relatório de Pesquisa
109,01/10/2015 11:08,Caracterização e Quadros de Análise Comparativa da Governança Metropolitana no Brasil: arranjos institucionais de gestão metropolitana (Componente 1)- RM do Recife,Rodrigo Costa,https://portalantigo.ipea.gov.br/portal/images/stories/PDFs/relatoriopesquisa/150717_relatorio_arranjos_reecife.pdf,https://portalantigo.ipea.gov.br/portal/index.php?option=com_content&view=article&id=26359,Relatório de Pesquisa
110,01/10/2015 11:06,Caracterização e Quadros de Análise Comparativa da Governança Metropolitana no Brasil: arranjos institucionais de gestão metropolitana (Componente 1)- RM de Porto Alegre,Rodrigo Costa,https://portalantigo.ipea.gov.br/portal/images/stories/PDFs/relatoriopesquisa/151103_relatorio_arranjos_porto_alegre.pdf,https://portalantigo.ipea.gov.br/portal/index.php?option=com_content&view=article&id=26358,Relatório de Pesquisa
111,01/10/2015 11:01,Caracterização e Quadros de Análise Comparativa da Governança Metropolitana no Brasil: análise comparativa das funções públicas de interesse comum (Componente 2)- RM de Porto Alegre,Rodrigo Costa,https://portalantigo.ipea.gov.br/portal/images/stories/PDFs/relatoriopesquisa/150909_relatorio_analise_porto_alegre.pdf,https://portalantigo.ipea.gov.br/portal/index.php?option=com_content&view=article&id=26357,Relatório de Pesquisa
112,01/10/2015 10:56,Caracterização e Quadros de Análise Comparativa da Governança Metropolitana no Brasil: análise comparativa das funções públicas de interesse comum (Componente 2) -RM de Goiânia,Rodrigo Costa,https://portalantigo.ipea.gov.br/portal/images/stories/PDFs/relatoriopesquisa/150820_74657_relatorio_analise_rm_Goiania.pdf,https://portalantigo.ipea.gov.br/portal/index.php?option=com_content&view=article&id=26356,Relatório de Pesquisa
113,01/10/2015 10:53,Caracterização e Quadros de Análise Comparativa da Governança Metropolitana no Brasil: arranjos institucionais de gestão metropolitana (Componente 2) -RM de Fortaleza,Rodrigo Costa,https://portalantigo.ipea.gov.br/portal/images/stories/PDFs/relatoriopesquisa/rmfortaleza.pdf,https://portalantigo.ipea.gov.br/portal/index.php?option=com_content&view=article&id=26355,Relatório de Pesquisa
114,01/10/2015 10:51,Caracterização e Quadros de Análise Comparativa da Governança Metropolitana no Brasil: arranjos institucionais de gestão metropolitana (Componente 1) -RM de Fortaleza,Rodrigo Costa,https://portalantigo.ipea.gov.br/portal/images/stories/PDFs/relatoriopesquisa/150928_relatorio_arranjos_fortaleza.pdf,https://portalantigo.ipea.gov.br/portal/index.php?option=com_content&view=article&id=26354,Relatório de Pesquisa
115,01/10/2015 10:48,Caracterização e Quadros de Análise Comparativa da Governança Metropolitana no Brasil: arranjos institucionais de gestão metropolitana (Componente 2) -RIDE/DF e Entorno,Rodrigo Costa,https://portalantigo.ipea.gov.br/portal/images/stories/PDFs/relatoriopesquisa/ridedf.pdf,https://portalantigo.ipea.gov.br/portal/index.php?option=com_content&view=article&id=26353,Relatório de Pesquisa
116,01/10/2015 10:45,Caracterização e Quadros de Análise Comparativa da Governança Metropolitana no Brasil: análise comparativa das funções públicas de interesse comum (Componente 2) – RM de Curitiba,Rodrigo Costa,https://portalantigo.ipea.gov.br/portal/images/stories/PDFs/relatoriopesquisa/150930_relatorio_analise_curitiba2.pdf,https://portalantigo.ipea.gov.br/portal/index.php?option=com_content&view=article&id=26352,Relatório de Pesquisa
117,01/10/2015 10:42,Caracterização e Quadros de Análise Comparativa da Governança Metropolitana no Brasil: arranjos institucionais de gestão metropolitana (Componente 1) -RM de Curitiba,Rodrigo Costa,https://portalantigo.ipea.gov.br/portal/images/stories/PDFs/relatoriopesquisa/150909_relatorio_arranjos_igm_rm_curitiba.pdf,https://portalantigo.ipea.gov.br/portal/index.php?option=com_content&view=article&id=26351,Relatório de Pesquisa
118,28/09/2015 16:48,Democratização do Acesso à Justiça e Efetivação de Direitos: Justiça Itinerante no Brasil,Rodrigo Costa,https://portalantigo.ipea.gov.br/portal/images/stories/PDFs/relatoriopesquisa/150928_relatorio_democratizacao_do_acesso.pdf,https://portalantigo.ipea.gov.br/portal/index.php?option=com_content&view=article&id=26330,Relatório de Pesquisa
119,22/09/2015 12:38,"Acidentes de Trânsito nas Rodovias Federais Brasileiras: caracterização, tendências e custos para a sociedade",Rodrigo Costa,https://portalantigo.ipea.gov.br/portal/images/stories/PDFs/relatoriopesquisa/150922_relatorio_acidentes_transito.pdf,https://portalantigo.ipea.gov.br/portal/index.php?option=com_content&view=article&id=26277,Relatório de Pesquisa
120,17/09/2015 09:38,Caracterização e Quadros de Análise Comparativa da Governança Metropolitana no Brasil: análise comparativa das funções públicas de interesse comum (Componente 2) - RM do Vale do Rio Cuiabá,Rodrigo Costa,https://portalantigo.ipea.gov.br/portal/images/stories/PDFs/relatoriopesquisa/150917_relatorio_analise_vale_rio_cuiaba.pdf,https://portalantigo.ipea.gov.br/portal/index.php?option=com_content&view=article&id=26237,Relatório de Pesquisa
121,17/09/2015 09:35,Caracterização e Quadros de Análise Comparativa da Governança Metropolitana no Brasil: análise comparativa das funções públicas de interesse comum (Componente 2) - RM do Recife,Rodrigo Costa,https://portalantigo.ipea.gov.br/portal/images/stories/PDFs/relatoriopesquisa/150917_relatorio_analise_comparativa_rm_recife.pdf,https://portalantigo.ipea.gov.br/portal/index.php?option=com_content&view=article&id=26236,Relatório de Pesquisa
122,20/08/2015 09:42,Rede Urbana e Integração Produtiva no Brasil e na América do Sul,Rodrigo Costa,https://portalantigo.ipea.gov.br/portal/images/stories/PDFs/relatoriopesquisa/150820_book_rede_urbana_integracao.pdf,https://portalantigo.ipea.gov.br/portal/index.php?option=com_content&view=article&id=26014,Relatório de Pesquisa
123,15/07/2015 14:03,Reincidência Criminal no Brasil,Rodrigo Costa,https://portalantigo.ipea.gov.br/portal/images/stories/PDFs/relatoriopesquisa/150611_relatorio_reincidencia_criminal.pdf,https://portalantigo.ipea.gov.br/portal/index.php?option=com_content&view=article&id=25590,Relatório de Pesquisa
124,15/07/2015 11:18,Observatório da Função Socioambiental do Patrimônio da União na Amazônia - Relatório Territorial do Marajó,Rodrigo Costa,https://portalantigo.ipea.gov.br/portal/images/stories/PDFs/relatoriopesquisa/150715_relatorio_marajo.pdf,https://portalantigo.ipea.gov.br/portal/index.php?option=com_content&view=article&id=25809,Relatório de Pesquisa
125,14/07/2015 09:49,,Rodrigo Costa,https://portalantigo.ipea.gov.br/portal/images/stories/PDFs/relatoriopesquisa/150714_relatorio_territorial_belem_abaetetuba.pdf,https://portalantigo.ipea.gov.br/portal/index.php?option=com_content&view=article&id=25800,Relatório de Pesquisa
126,14/07/2015 09:44,Observatório da Função Socioambiental do Patrimônio da União na Amazônia - Relatório Territorial da Região do Médio Xingu,Rodrigo Costa,https://portalantigo.ipea.gov.br/portal/images/stories/PDFs/relatoriopesquisa/150714_relatorio_xingu.pdf,https://portalantigo.ipea.gov.br/portal/index.php?option=com_content&view=article&id=25798,Relatório de Pesquisa
127,14/07/2015 09:38,Observatório da Função Socioambiental do Patrimônio da União na Amazônia - Relatório Final de Avaliação da Política,Rodrigo Costa,https://portalantigo.ipea.gov.br/portal/images/stories/PDFs/relatoriopesquisa/150714_observatorio_da_funcao.pdf,https://portalantigo.ipea.gov.br/portal/index.php?option=com_content&view=article&id=25797,Relatório de Pesquisa
128,22/06/2015 12:27,Governança Metropolitana no Brasil Caracterização e Quadros de Análise Comparativa da Governança Metropolitana no Brasil: arranjos institucionais de gestão metropolitana (Componente 1) -RM da Grande São Luís,Pedro Cavalcanti,https://portalantigo.ipea.gov.br/portal/images/stories/PDFs/relatoriopesquisa/rel1_1_rmgsl.pdf,https://portalantigo.ipea.gov.br/portal/index.php?option=com_content&view=article&id=25673,Relatório de Pesquisa
129,18/06/2015 15:58,II PNERARelatório da II Pesquisa Nacional sobre a Educação na Reforma Agrária,Rodrigo Costa,https://portalantigo.ipea.gov.br/portal/images/stories/PDFs/relatoriopesquisa/150618_relatorio_ii_pesquisa%20nacional.pdf,https://portalantigo.ipea.gov.br/portal/index.php?option=com_content&view=article&id=25640,Relatório de Pesquisa do Ipea
130,07/05/2015 15:50,Diagnóstico da Produção de Mudas Florestais Nativas no Brasil,Rodrigo Costa,https://portalantigo.ipea.gov.br/portal/images/stories/PDFs/relatoriopesquisa/150507_relatorio_diagnostico_producao.pdf,https://portalantigo.ipea.gov.br/portal/index.php?option=com_content&view=article&id=25198,Relatório de Pesquisa
131,25/03/2015 15:47,Governança Metropolitana no Brasil Caracterização e Quadros de Análise Comparativa da Governança Metropolitana no Brasil: arranjos institucionais de gestão metropolitana (Componente 1) - RM de Goiânia,Rodrigo Costa,https://portalantigo.ipea.gov.br/portal/images/stories/PDFs/relatoriopesquisa/151118_relatorio_arranjo_institucionais.pdf,https://portalantigo.ipea.gov.br/portal/index.php?option=com_content&view=article&id=24869,Relatório de Pesquisa
132,25/03/2015 14:27,,Rodrigo Costa,https://portalantigo.ipea.gov.br/portal/images/stories/PDFs/relatoriopesquisa/150325_relatorio_aplicacao_penas.pdf,https://portalantigo.ipea.gov.br/portal/index.php?option=com_content&view=article&id=24862,Relatório de Pesquisa
133,19/02/2015 07:09,,Rodrigo Costa,https://portalantigo.ipea.gov.br/portal/images/stories/PDFs/relatoriopesquisa/livro_coleta_ogu_2013_web1.pdf,https://portalantigo.ipea.gov.br/portal/index.php?option=com_content&view=article&id=24483,Relatório de Pesquisa
134,12/11/2014 09:49,Competitividade e Tributação na Indústria de Construção Naval Brasileira: peso dos tributos sobre preço de navio petroleiro e plataformaoffshore,,https://portalantigo.ipea.gov.br/portal/images/stories/PDFs/relatoriopesquisa/141112_relatorio_competitividade_tributacao.pdf,https://portalantigo.ipea.gov.br/portal/index.php?option=com_content&view=article&id=23934,Relatório de Pesquisa do Ipea - novembro - 2014
135,12/11/2014 09:45,"Estrutura de Custos, Tributação e Competitividade na Indústria de Construção Naval: Comparando Coreia do Sul, China e Brasil",,https://portalantigo.ipea.gov.br/portal/images/stories/PDFs/relatoriopesquisa/141112_relatorio_estrutura_custos.pdf,https://portalantigo.ipea.gov.br/portal/index.php?option=com_content&view=article&id=23933,Relatório de Pesquisa do Ipea - novembro - 2014
136,06/10/2014 09:24,Governança Metropolitana no Brasil - Caracterização e Quadros de Análise Comparativa da Governança Metropolitana no Brasil: arranjos institucionais de gestão metropolitana (Componente 1) - RIDE/DF e Entorno,Pedro Cavalcanti,https://portalantigo.ipea.gov.br/portal/images/stories/PDFs/relatoriopesquisa/book_relatorio_analise_web.pdf,https://portalantigo.ipea.gov.br/portal/index.php?option=com_content&view=article&id=23657,Relatório de Pesquisa do Ipea
137,01/09/2014 09:17,"Planejamento, Orçamento e a Promoção da Igualdade Racial: reflexões sobre os planos plurianuais 2004-2007 e 2008-2011",Pedro Cavalcanti,https://portalantigo.ipea.gov.br/portal/images/stories/PDFs/relatoriopesquisa/140901_relatorio_igualdade_racial.pdf,https://portalantigo.ipea.gov.br/portal/index.php?option=com_content&view=article&id=23382,Relatório de Pesquisa do Ipea  - Setembro - 2014
138,06/11/2013 09:31,"Planejamento e Gestão Governamental na Esfera Estadual: Uma análise comparativa dos processos, conteúdos e sistemas de acompanhamento dos PPAs - Relatório consolidado - Plano Plurianual 2012 - 2015",Fernando Boiteux,https://portalantigo.ipea.gov.br/portal/images/stories/PDFs/relatoriopesquisa/061113_relatorio_consolidado.pdf,https://portalantigo.ipea.gov.br/portal/index.php?option=com_content&view=article&id=20495,Relatório de Pesquisa do Ipea
139,25/10/2013 10:25,A Marcha das Margaridas: perfil socioeconômico e condições de vida das mulheres trabalhadoras do campo e da floresta,Fernando Boiteux,https://portalantigo.ipea.gov.br/portal/images/stories/PDFs/relatoriopesquisa/251013_relatorio_marchas_web.pdf,https://portalantigo.ipea.gov.br/portal/index.php?option=com_content&view=article&id=20352,Relatório de Pesquisa do Ipea - outubro - 2013
140,18/10/2013 19:48,Diagnóstico sobre Juizados especiais Cíveis,Fernando Boiteux,https://portalantigo.ipea.gov.br/portal/images/stories/PDFs/relatoriopesquisa/181013_diagnstico_sobre_juizados.pdf,https://portalantigo.ipea.gov.br/portal/index.php?option=com_content&view=article&id=20288,
141,15/10/2013 15:43,"Planejamento e Gestão governamental na Esfera Estadual: uma análise comparativa dos processos, conteúdos e sistemas de acompanhamento dos PPAs do Estado de São Paulo",Fernando Boiteux,https://portalantigo.ipea.gov.br/portal/images/stories/PDFs/relatoriopesquisa/151013_relatorio_sp.pdf,https://portalantigo.ipea.gov.br/portal/index.php?option=com_content&view=article&id=20225,
142,15/10/2013 15:40,"Planejamento e Gestão governamental na Esfera Estadual: uma análise comparativa dos processos, conteúdos e sistemas de acompanhamento dos PPAs do Estado do Rio Grande do Sul",Fernando Boiteux,https://portalantigo.ipea.gov.br/portal/images/stories/PDFs/relatoriopesquisa/151013_relatorio_rs.pdf,https://portalantigo.ipea.gov.br/portal/index.php?option=com_content&view=article&id=20224,
143,15/10/2013 15:30,"Planejamento e Gestão governamental na Esfera Estadual: uma análise comparativa dos processos, conteúdos e sistemas de acompanhamento dos PPAs do Estado do Rio Grande do Norte",Fernando Boiteux,https://portalantigo.ipea.gov.br/portal/images/stories/PDFs/relatoriopesquisa/151013_relatorio_rn.pdf,https://portalantigo.ipea.gov.br/portal/index.php?option=com_content&view=article&id=20223,
144,15/10/2013 10:54,"Planejamento e Gestão governamental na Esfera Estadual: uma análise comparativa dos processos, conteúdos e sistemas de acompanhamento dos PPAs do Estado do Rio de Janeiro",Fernando Boiteux,https://portalantigo.ipea.gov.br/portal/images/stories/PDFs/relatoriopesquisa/151013_relatorio_rj.pdf,https://portalantigo.ipea.gov.br/portal/index.php?option=com_content&view=article&id=20216,
145,15/10/2013 10:48,"Planejamento e Gestão governamental na Esfera Estadual: uma análise comparativa dos processos, conteúdos e sistemas de acompanhamento dos PPAs do Estado do Paraná",Fernando Boiteux,https://portalantigo.ipea.gov.br/portal/images/stories/PDFs/relatoriopesquisa/151013_relatorio_pr.pdf,https://portalantigo.ipea.gov.br/portal/index.php?option=com_content&view=article&id=20215,
146,15/10/2013 10:39,"Planejamento e Gestão governamental na Esfera Estadual: uma análise comparativa dos processos, conteúdos e sistemas de acompanhamento dos PPAs do Estado do Mato Grasso do Sul",Fernando Boiteux,https://portalantigo.ipea.gov.br/portal/images/stories/PDFs/relatoriopesquisa/151013_relatorio_ms.pdf,https://portalantigo.ipea.gov.br/portal/index.php?option=com_content&view=article&id=20214,
147,15/10/2013 10:29,"Planejamento e Gestão governamental na Esfera Estadual: uma análise comparativa dos processos, conteúdos e sistemas de acompanhamento dos PPAs do Estado de Minas Gerais",Fernando Boiteux,https://portalantigo.ipea.gov.br/portal/images/stories/PDFs/relatoriopesquisa/151013_relatorio_mg.pdf,https://portalantigo.ipea.gov.br/portal/index.php?option=com_content&view=article&id=20213,
148,14/10/2013 15:22,"Planejamento e Gestão governamental na Esfera Estadual: uma análise comparativa dos processos, conteúdos e sistemas de acompanhamento dos PPAs do Estado do Espírito Santo",Fernando Boiteux,https://portalantigo.ipea.gov.br/portal/images/stories/PDFs/relatoriopesquisa/141013_relatorio_es.pdf,https://portalantigo.ipea.gov.br/portal/index.php?option=com_content&view=article&id=20195,
149,14/10/2013 15:16,"Planejamento e Gestão governamental na Esfera Estadual: uma análise comparativa dos processos, conteúdos e sistemas de acompanhamento dos PPAs do Estado do Ceará",Fernando Boiteux,https://portalantigo.ipea.gov.br/portal/images/stories/PDFs/relatoriopesquisa/141013_relatorio_ce.pdf,https://portalantigo.ipea.gov.br/portal/index.php?option=com_content&view=article&id=20193,
150,14/10/2013 14:52,"Planejamento e Gestão governamental na Esfera Estadual: uma análise comparativa dos processos, conteúdos e sistemas de acompanhamento dos PPAs Estado da Bahia",Fernando Boiteux,https://portalantigo.ipea.gov.br/portal/images/stories/PDFs/relatoriopesquisa/141013-relatorio_ba.pdf,https://portalantigo.ipea.gov.br/portal/index.php?option=com_content&view=article&id=20192,
151,30/08/2013 09:32,Ampliação da participação na gestão pública: um estudo sobre conferências nacionais realizadas entre 2003 e 2011,,https://portalantigo.ipea.gov.br/portal/images/stories/PDFs/relatoriopesquisa/130829_relatorio_conferencia_nacional2003_2011.pdf,https://portalantigo.ipea.gov.br/portal/index.php?option=com_content&view=article&id=19592,
152,11/06/2013 14:26,Potencial de efetividade das audiências públicas do governo federal,,https://portalantigo.ipea.gov.br/portal/images/stories/PDFs/relatoriopesquisa/130611_relatorio_potencial_efetividade.pdf,https://portalantigo.ipea.gov.br/portal/index.php?option=com_content&view=article&id=18519,
153,03/06/2013 09:22,Diagnóstico dos resíduos sólidos do setor agrossilvopastoril,,https://portalantigo.ipea.gov.br/portal/images/stories/PDFs/relatoriopesquisa/130531_relatorio_diagnostico_residuos_agrossilvopastoril.pdf,https://portalantigo.ipea.gov.br/portal/index.php?option=com_content&view=article&id=18371,Relatório de Pesquisa do Ipea - Maio - 2013
154,28/03/2013 14:24,A produção para autoconsumo no Brasil: uma análise a partir do Censo Agropecuário 2006,Administrator,https://portalantigo.ipea.gov.br/portal/images/stories/PDFs/relatoriopesquisa/130328_relatorio_producao_autoconsumo.pdf,https://portalantigo.ipea.gov.br/portal/index.php?option=com_content&view=article&id=17467,Relatório de Pesquisa do Ipea - Março - 2013
155,26/03/2013 15:29,Uma proposta de erradicação da extrema pobreza urbana via inclusão produtiva,Administrator,https://portalantigo.ipea.gov.br/portal/images/stories/PDFs/relatoriopesquisa/130326_relatorio_proposta_erradicacaopobreza.pdf,https://portalantigo.ipea.gov.br/portal/index.php?option=com_content&view=article&id=17764,Relatório de Pesquisa do Ipea - Março - 2013
156,18/03/2013 16:02,O impacto do consumo intermediário na agricultura: uma análise comparativa entre agricultura familiar e não familiar – Brasil e regiões Nordeste e Sul,,https://portalantigo.ipea.gov.br/portal/images/stories/PDFs/relatoriopesquisa/130319_relatorio_impacto_consumo.pdf,https://portalantigo.ipea.gov.br/portal/index.php?option=com_content&view=article&id=17304,Relatório de Pesquisa do Ipea - Março - 2013
157,18/03/2013 16:00,"As implicações sociais e econômicas das alterações no padrão de produção agrícola no Brasil: produção de biocombustíveis, agricultura familiar, desenvolvimento rural e segurança alimentar",,https://portalantigo.ipea.gov.br/portal/images/stories/PDFs/relatoriopesquisa/130319_relatorio_implicacoes_sociais.pdf,https://portalantigo.ipea.gov.br/portal/index.php?option=com_content&view=article&id=17303,Relatório de Pesquisa do Ipea - Março - 2013
158,18/03/2013 15:58,Descrição e análise do perfil socioeconômico das áreas e dos produtores de fumo em folha no Sul e no Nordeste do Brasil: um estudo baseado nos resultados do Censo Agropecuário 2006,,https://portalantigo.ipea.gov.br/portal/images/stories/PDFs/relatoriopesquisa/130319_relatorio_descricao_analise.pdf,https://portalantigo.ipea.gov.br/portal/index.php?option=com_content&view=article&id=17302,Relatório de Pesquisa do Ipea - Março - 2013
159,18/03/2013 15:52,Caracterização do público potencial do PRONAF “B” na região Nordeste e no Estado de Minas Gerais: uma análise baseada nos dados do Censo Agropecuário 2006,,https://portalantigo.ipea.gov.br/portal/images/stories/PDFs/relatoriopesquisa/130319_relatorio_caracterizacao_publico.pdf,https://portalantigo.ipea.gov.br/portal/index.php?option=com_content&view=article&id=17301,Relatório de Pesquisa do Ipea - Março - 2013
160,18/03/2013 15:49,Caracterização e análise da dinâmica da produção agropecuária na Amazônia Brasileira: uma análise a partir do Censo Agropecuário 2006,,https://portalantigo.ipea.gov.br/portal/images/stories/PDFs/relatoriopesquisa/130319_relatorio_caracterizacao_analise.pdf,https://portalantigo.ipea.gov.br/portal/index.php?option=com_content&view=article&id=17300,Relatório de Pesquisa do Ipea - Março - 2013
161,18/03/2013 15:48,Pluriatividade e plurirrendimentos nos estabelecimentos agropecuários do Brasil e das regiões Sul e Nordeste: uma análise a partir do Censo Agropecuário 2006,,https://portalantigo.ipea.gov.br/portal/images/stories/PDFs/relatoriopesquisa/130319_relatorio_pluriatividade_plurirrendimentos.pdf,https://portalantigo.ipea.gov.br/portal/index.php?option=com_content&view=article&id=17299,Relatório de Pesquisa do Ipea - Março - 2013
162,18/03/2013 15:44,O perfil da agroindústria rural no Brasil: uma análise com base nos dados do Censo Agropecuário 2006,,https://portalantigo.ipea.gov.br/portal/images/stories/PDFs/relatoriopesquisa/130319_relatorio_perfil_agroindustria.pdf,https://portalantigo.ipea.gov.br/portal/index.php?option=com_content&view=article&id=17298,Relatório de Pesquisa do Ipea - Março - 2013
163,18/03/2013 15:42,Avaliação da situação de assentamentos da reforma agrária no estado de São Paulo: fatores de sucesso ou insucesso,,https://portalantigo.ipea.gov.br/portal/images/stories/PDFs/relatoriopesquisa/130319_relatorio_reforma_agraria.pdf,https://portalantigo.ipea.gov.br/portal/index.php?option=com_content&view=article&id=17297,Relatório de Pesquisa do Ipea - Março - 2013
164,30/01/2013 13:27,Perfil e atuação dos conselheiros,,https://portalantigo.ipea.gov.br/portal/images/stories/PDFs/relatoriopesquisa/130130_relatorio_perfil_conselhosnacionais.pdf,https://portalantigo.ipea.gov.br/portal/index.php?option=com_content&view=article&id=16814,
165,20/12/2012 10:11,"Série pesquisas do CEJ ""Acesso à Justiça Federal: dez anos de juizados especiais""",,https://portalantigo.ipea.gov.br/portal/images/stories/PDFs/relatoriopesquisa/130522_relatorio_pesquisa_ipea_cej.pdf,https://portalantigo.ipea.gov.br/portal/index.php?option=com_content&view=article&id=18243,
166,06/11/2012 14:50,Estudo comparado sobre a juventude brasileira e chinesa: dados preliminares do Brasil,,https://portalantigo.ipea.gov.br/portal/images/stories/PDFs/relatoriopesquisa/121106_relatorio_estudo_juventude_brasileira_chinesa.pdf,https://portalantigo.ipea.gov.br/portal/index.php?option=com_content&view=article&id=15948,Relatório de Pesquisa do Ipea - Novembro - 2012
167,09/10/2012 10:08,Diagnóstico dos resíduos sólidos urbanos,,https://portalantigo.ipea.gov.br/portal/images/stories/PDFs/relatoriopesquisa/121009_relatorio_residuos_solidos_urbanos.pdf,https://portalantigo.ipea.gov.br/portal/index.php?option=com_content&view=article&id=17247,Relatório de Pesquisa do Ipea - Outubro - 2012
168,02/10/2012 09:14,Diagnóstico dos Resíduos Sólidos de Transportes Aéreos e Aquaviários,,https://portalantigo.ipea.gov.br/portal/images/stories/PDFs/relatoriopesquisa/121009_relatorio_transportes_aereos.pdf,https://portalantigo.ipea.gov.br/portal/index.php?option=com_content&view=article&id=15661,Relatório de Pesquisa do Ipea - Setembro - 2012
169,02/10/2012 09:12,Diagnóstico dos resíduos sólidos de transportes terrestres rodoviários e ferroviários,,https://portalantigo.ipea.gov.br/portal/images/stories/PDFs/relatoriopesquisa/121002_relatorio_transportes_terrestres.pdf,https://portalantigo.ipea.gov.br/portal/index.php?option=com_content&view=article&id=15660,Relatório de Pesquisa do Ipea - Setembro - 2012
170,02/10/2012 08:31,,,https://portalantigo.ipea.gov.br/portal/images/stories/PDFs/relatoriopesquisa/121002_relatorio_educacao_ambiental.pdf,https://portalantigo.ipea.gov.br/portal/index.php?option=com_content&view=article&id=15658,Relatório de Pesquisa do Ipea - Setembro - 2012
171,27/09/2012 09:19,,,https://portalantigo.ipea.gov.br/portal/images/stories/PDFs/relatoriopesquisa/120927_relatorio_residuos_solidos_industriais.pdf,https://portalantigo.ipea.gov.br/portal/index.php?option=com_content&view=article&id=15621,Relatório de Pesquisa do Ipea - Setembro - 2012
172,17/09/2012 09:25,Diagnóstico dos resíduos orgânicos do setor agrossilvopastoril e agroindústrias associadas,,https://portalantigo.ipea.gov.br/portal/images/stories/PDFs/relatoriopesquisa/120917_relatorio_residuos_organicos.pdf,https://portalantigo.ipea.gov.br/portal/index.php?option=com_content&view=article&id=15493,
173,11/09/2012 10:43,,,https://portalantigo.ipea.gov.br/portal/images/stories/PDFs/relatoriopesquisa/120911_relatorio_construcao_civil.pdf,https://portalantigo.ipea.gov.br/portal/index.php?option=com_content&view=article&id=15440,Relatório de Pesquisa do Ipea - Setembro - 2012
174,11/09/2012 10:41,,,https://portalantigo.ipea.gov.br/portal/images/stories/PDFs/relatoriopesquisa/120911_relatorio_conanda.pdf,https://portalantigo.ipea.gov.br/portal/index.php?option=com_content&view=article&id=15439,
175,11/09/2012 10:39,,,https://portalantigo.ipea.gov.br/portal/images/stories/PDFs/relatoriopesquisa/120911_relatorio_cncd.pdf,https://portalantigo.ipea.gov.br/portal/index.php?option=com_content&view=article&id=15438,
176,11/09/2012 10:35,,,https://portalantigo.ipea.gov.br/portal/images/stories/PDFs/relatoriopesquisa/120911_relatorio_infraestrutura_planejamento.pdf,https://portalantigo.ipea.gov.br/portal/index.php?option=com_content&view=article&id=15437,
177,11/09/2012 10:30,A Comissão Nacional de Erradicação do Trabalho Infantil,,https://portalantigo.ipea.gov.br/portal/images/stories/PDFs/relatoriopesquisa/120911_relatorio_conaeti.pdf,https://portalantigo.ipea.gov.br/portal/index.php?option=com_content&view=article&id=15436,
178,11/09/2012 10:27,,,https://portalantigo.ipea.gov.br/portal/images/stories/PDFs/relatoriopesquisa/120911_relatorio_catadores_residuos.pdf,https://portalantigo.ipea.gov.br/portal/index.php?option=com_content&view=article&id=15435,Relatório de Pesquisa do Ipea - Setembro - 2012
179,29/08/2012 10:44,O Conselho Nacional de Assistência Social na visão de seus conselheiros,,https://portalantigo.ipea.gov.br/portal/images/stories/PDFs/relatoriopesquisa/120829_relatorio_assistencia_social.pdf,https://portalantigo.ipea.gov.br/portal/index.php?option=com_content&view=article&id=15296,
180,28/08/2012 15:17,Audiências públicas no âmbito do Governo Federal: análise preliminar e bases para avaliação,,https://portalantigo.ipea.gov.br/portal/images/stories/PDFs/relatoriopesquisa/120828_relatorio_audiencias_publicas.pdf,https://portalantigo.ipea.gov.br/portal/index.php?option=com_content&view=article&id=15284,
181,27/08/2012 16:03,,,https://portalantigo.ipea.gov.br/portal/images/stories/PDFs/relatoriopesquisa/120827_relatorio_aquicultura_pesca.pdf,https://portalantigo.ipea.gov.br/portal/index.php?option=com_content&view=article&id=15265,
182,24/08/2012 09:27,,,https://portalantigo.ipea.gov.br/portal/images/stories/PDFs/relatoriopesquisa/120821_relatorio_diagnostico_residuos_solidos.pdf,https://portalantigo.ipea.gov.br/portal/index.php?option=com_content&view=article&id=15235,
183,17/08/2012 15:21,,,https://portalantigo.ipea.gov.br/portal/images/stories/PDFs/relatoriopesquisa/120814_relatorio_atividade_mineracao.pdf,https://portalantigo.ipea.gov.br/portal/index.php?option=com_content&view=article&id=15164,
184,17/08/2012 15:18,Diagnóstico dos instrumentos econômicos e sistemas de informação para gestão de resíduos sólidos,,https://portalantigo.ipea.gov.br/portal/images/stories/PDFs/relatoriopesquisa/120814_relatorio_instrumentos_economicos.pdf,https://portalantigo.ipea.gov.br/portal/index.php?option=com_content&view=article&id=15163,
185,07/08/2012 14:59,,,https://portalantigo.ipea.gov.br/portal/images/stories/PDFs/relatoriopesquisa/120807_relatorio_residuos_solidos_reversa.pdf,https://portalantigo.ipea.gov.br/portal/index.php?option=com_content&view=article&id=14999,Relatório de Pesquisa do Ipea - Agosto - 2012
186,06/08/2012 09:37,,,https://portalantigo.ipea.gov.br/portal/images/stories/PDFs/relatoriopesquisa/120806_relatorio_residuos_solidos.pdf,https://portalantigo.ipea.gov.br/portal/index.php?option=com_content&view=article&id=14980,Relatório de Pesquisa do Ipea - Agosto - 2012
187,19/07/2012 11:37,O Conselho Nacional de Economia Solidária na visão de seus conselheiros,,https://portalantigo.ipea.gov.br/portal/images/stories/PDFs/relatoriopesquisa/120719_relatorio_recursos_hidricos.pdf,https://portalantigo.ipea.gov.br/portal/index.php?option=com_content&view=article&id=14847,
188,28/06/2012 11:35,O Conselho Nacional de Economia Solidária na visão de seus conselheiros,,https://portalantigo.ipea.gov.br/portal/images/stories/PDFs/relatoriopesquisa/120719_relatorio_economia_solidaria.pdf,https://portalantigo.ipea.gov.br/portal/index.php?option=com_content&view=article&id=14846,
189,28/06/2012 11:33,O Conselho Nacional de Turismo na visão de seus conselheiros,,https://portalantigo.ipea.gov.br/portal/images/stories/PDFs/relatoriopesquisa/120719_relatorio_turismo.pdf,https://portalantigo.ipea.gov.br/portal/index.php?option=com_content&view=article&id=14845,
190,28/06/2012 11:29,O Conselho Nacional de Desenvolvimento Rural Sustentável na visão de seus conselheiro,,https://portalantigo.ipea.gov.br/portal/images/stories/PDFs/relatoriopesquisa/120719_relatorio_desenvol_rural.pdf,https://portalantigo.ipea.gov.br/portal/index.php?option=com_content&view=article&id=14844,
191,27/06/2012 12:12,,,https://portalantigo.ipea.gov.br/portal/images/stories/PDFs/relatoriopesquisa/120814_relatorio_instrumentos_economicos.pdf,https://portalantigo.ipea.gov.br/portal/index.php?option=com_content&view=article&id=15026,
192,21/06/2012 12:07,,,https://portalantigo.ipea.gov.br/portal/images/stories/PDFs/relatoriopesquisa/121023_relatorio_conade.pdf,https://portalantigo.ipea.gov.br/portal/index.php?option=com_content&view=article&id=15025,
193,20/06/2012 15:01,"Desenvolvimento Sustentável, Economia Verde e a Rio+20",,https://portalantigo.ipea.gov.br/portal/images/stories/PDFs/relatoriopesquisa/120620_relatorio_rio20.pdf,https://portalantigo.ipea.gov.br/portal/index.php?option=com_content&view=article&id=14566,
194,15/05/2012 11:22,Mulheres e homens em ocupação de DAS na Administração Pública Federal,,https://portalantigo.ipea.gov.br/portal/images/stories/PDFs/relatoriopesquisa/120601_relatorio_mulhereshomens_das.pdf,https://portalantigo.ipea.gov.br/portal/index.php?option=com_content&view=article&id=14843,
195,09/04/2012 09:33,O Conselho Nacional dos Direitos do Idoso na visão de seus conselheiros,,https://portalantigo.ipea.gov.br/portal/images/stories/PDFs/relatoriopesquisa/120409_relatorio_direitos_idoso.pdf,https://portalantigo.ipea.gov.br/portal/index.php?option=com_content&view=article&id=13735,
196,09/04/2012 09:29,O Conselho Nacional de Saúde na visão de seus conselheiros,,https://portalantigo.ipea.gov.br/portal/images/stories/PDFs/relatoriopesquisa/120409_relatorio_cns.pdf,https://portalantigo.ipea.gov.br/portal/index.php?option=com_content&view=article&id=13734,Relatório de Pesquisa do Ipea - Março - 2012
197,09/04/2012 09:27,O Conselho Nacional de Segurança Alimentar e Nutricional na visão de seus conselheiros,,https://portalantigo.ipea.gov.br/portal/images/stories/PDFs/relatoriopesquisa/120409_relatorio_seguranca_alimentar.pdf,https://portalantigo.ipea.gov.br/portal/index.php?option=com_content&view=article&id=13733,Relatório de Pesquisa do Ipea - Março - 2012
198,09/04/2012 09:25,O Conselho Nacional das Cidades na visão de seus conselheiros,,https://portalantigo.ipea.gov.br/portal/images/stories/PDFs/relatoriopesquisa/120409_relatorio_cidades.pdf,https://portalantigo.ipea.gov.br/portal/index.php?option=com_content&view=article&id=13732,
199,09/04/2012 09:23,A Comissão Nacional de Desenvolvimento Sustentável dos Povos e Comunidades Tradicionais na visão de seus membros,,https://portalantigo.ipea.gov.br/portal/images/stories/PDFs/relatoriopesquisa/120409_relatorio_comunidades_tradicionais.pdf,https://portalantigo.ipea.gov.br/portal/index.php?option=com_content&view=article&id=13731,Relatório de Pesquisa do Ipea - Março - 2012
200,09/04/2012 09:20,O Conselho Nacional de Promoção da Igualdade Racial na visão de seus conselheiros,,https://portalantigo.ipea.gov.br/portal/images/stories/PDFs/relatoriopesquisa/120409_relatorio_igualdade_racial.pdf,https://portalantigo.ipea.gov.br/portal/index.php?option=com_content&view=article&id=13730,Relatório de Pesquisa do Ipea - Março - 2012
201,26/03/2012 15:49,"O relatório traz o que de mais importante se criou e executou em 2011 nas coordenações de Multimídia, Livraria, Eventos e Cerimonial, Editorial, Institucional e de Comunicação, e Biblioteca",Administrator,https://portalantigo.ipea.gov.br/portal/images/stories/PDFs/relatoriopesquisa/RelatorioAtividadesAscom2011.pdf,https://portalantigo.ipea.gov.br/portal/index.php?option=com_content&view=article&id=13629,
202,16/03/2012 13:52,Justiça infantojuvenil - situação atual e critérios de aprimoramento,Administrator,https://portalantigo.ipea.gov.br/portal/images/stories/PDFs/relatoriopesquisa/120316_relatorio_infantojuvenil.pdf,https://portalantigo.ipea.gov.br/portal/index.php?option=com_content&view=article&id=13561,Relatório de Pesquisa do Ipea  e CNJ - Março - 2012
203,07/03/2012 10:46,O Conselho Nacional de Saúde na visão de seus conselheiros,Administrator,https://portalantigo.ipea.gov.br/portal/images/stories/PDFs/relatoriopesquisa/120307_relatorio_cns.pdf,https://portalantigo.ipea.gov.br/portal/index.php?option=com_content&view=article&id=13408,Relatório de Pesquisa do Ipea - Fevereiro - 2012
204,10/10/2011 15:53,,,https://portalantigo.ipea.gov.br/portal/images/stories/PDFs/110414_relatorio_odm_ceara.pdf,https://portalantigo.ipea.gov.br/portal/index.php?option=com_content&view=article&id=10859,Relatório de Pesquisa do Ipea - Setembro - 2011
205,10/10/2011 15:30,Custo unitário do processo de execução fiscal na Justiça Federal,,https://portalantigo.ipea.gov.br/portal/images/stories/PDFs/relatoriopesquisa/121009_relatorio_custounitario_justicafederal.pdf,https://portalantigo.ipea.gov.br/portal/index.php?option=com_content&view=article&id=12982,Relatório de Pesquisa do Ipea - Outubro - 2011
206,03/10/2011 17:26,Objetivos de Desenvolvimento do Milênio do estado do Rio de Janeiro de 2011,,https://portalantigo.ipea.gov.br/portal/images/stories/PDFs/111003_relatorio_odmrj.pdf,https://portalantigo.ipea.gov.br/portal/index.php?option=com_content&view=article&id=10762,Relatório de Pesquisa do Ipea - Setembro - 2011
207,12/05/2011 12:17,Região Norte do Brasil e Sul da Venezuela: esforço binacional para a integração das cadeias produtiva,,https://portalantigo.ipea.gov.br/portal/images/stories/PDFs/relatoriopesquisa/110511_brasilvenezuela_integraprodutivas.pdf,https://portalantigo.ipea.gov.br/portal/index.php?option=com_content&view=article&id=8390,Relatório de Pesquisa do Ipea - Maio - 2011
208,12/05/2011 12:14,A integração de infraestrutura Brasil-Venezuela: a IIRSA (Integração da Infraestrutura Regional Sul-Americana) e o eixo Amazônia-Orinoco,,https://portalantigo.ipea.gov.br/portal/images/stories/PDFs/relatoriopesquisa/110511_relat_brasilvenezuela_integrinfrestrutura.pdf,https://portalantigo.ipea.gov.br/portal/index.php?option=com_content&view=article&id=8389,Relatório de Pesquisa do Ipea - Maio - 2011
209,12/05/2011 12:10,,,https://portalantigo.ipea.gov.br/portal/images/stories/PDFs/relatoriopesquisa/110506_conama.pdf,https://portalantigo.ipea.gov.br/portal/index.php?option=com_content&view=article&id=8388,Relatório de Pesquisa do Ipea - Abril - 2011
210,14/05/2010 16:18,Pesquisa sobre pagamento por serviços ambientais urbanos para gestão de resíduos sólidos,,https://portalantigo.ipea.gov.br/portal/images/stories/PDFs/100514_relatpsau.pdf,https://portalantigo.ipea.gov.br/portal/index.php?option=com_content&view=article&id=8858,Relatório de Pesquisa do Ipea - Maio - 2010
211,08/07/2009 11:00,Análise do potencial de integração produtiva e desenvolvimento de serviços logísticos de valor agregado de projetos da IIRSA (IPrLg),Administrator,http://agencia.ipea.gov.br/images/stories/PDFs/100809_iprlg_g3_cap_informe_final_port.pdf,https://portalantigo.ipea.gov.br/portal/index.php?option=com_content&view=article&id=9354,Relatório de Pesquisa do Ipea - Julho - 2009
