,Data de Criação,Título do Livro,Categoria,Organizadores,Link do PDF
0,08/08/2022 16:13,"Trajetórias, Desafios Regionais e Políticas Públicas no Brasil",Agricultura e Diversidades,Gesmar Rosa dos Santos e Rodrigo Peixoto da Silva,/portal/images/stories/PDFs/livros/livros/220808_217130_lv_agricultura_web.pdf
1,26/07/2022 15:09,,Cooperação Internacional em Tempos de Pandemia,Relatório COBRADI 2019-2020,/portal/images/stories/PDFs/livros/livros/220726_216837_lv_cooperacao_internacional_web.pdf
2,14/07/2022 09:30,,Uma solução em busca de um problema: repensando o enfrentamento ao tráfico de pessoas no Brasil,"Autores: Rodrigo Fracalossi de Moraes, André de Mello e Souza, Flávia do Bonsucesso Teixeira e Mirian Alves de Souza",/portal/images/stories/PDFs/livros/livros/220714_livro_uma_solucao_em_busca_de_um_problema.pdf
3,03/05/2022 15:32,Ensino superior e desenvolvimento regional no Brasil do século XXI,Universidade e Território,,/portal/images/stories/PDFs/livros/livros/214076_lv_universidade_trritorio_web_novo.pdf
4,12/04/2022 11:31,,Políticas públicas e usos de evidências no Brasil,,/portal/images/stories/PDFs/livros/livros/220412_lv_politicas_publicas_web.pdf
5,31/03/2022 16:33,,"Água, Problemas Complexos e o Plano Nacional de Segurança Hídrica",,/portal/images/stories/PDFs/livros/livros/220331_lv_agua_problemas.pdf
6,08/03/2022 16:10,,PolicySpace2: modelando mercado Imobiliário e políticas públicas,,/portal/images/stories/PDFs/livros/livros/220308_livro_policy_space_2.pdf
7,03/02/2022 16:56,,Entre relações de cuidado e vivências de vulnerabilidade : dilemas e desafios para o trabalho doméstico e de cuidados remunerado no Brasil,,/portal/images/stories/PDFs/livros/livros/220203_livro_entre_relacoes_de_cuidado_e_vivencia.pdf
8,02/02/2022 13:43,,Atlas das periferias no Brasil: Aspectos Raciais de Infraestrutura nos Aglomerados Subnormais,,/portal/images/stories/PDFs/livros/livros/220202_livro_atlas_das_periferias.pdf
9,02/02/2022 08:36,,"Contas de saúde na perspectiva da contabilidade internacional: conta SHA para o Brasil, 2015 a 2019",,/portal/images/stories/PDFs/livros/livros/220202_livro_contas_de_saude.pdf
10,12/01/2022 21:01,,Gobernanza Metropolitana en América Latina: un panorama de las experiencias contemporáneas desde una perspectiva comparada,,/portal/images/stories/PDFs/livros/livros/220112_livro_gobernanza_metropolitana_en_america_latina.pdf
11,08/12/2021 10:58,,"Federalismo, Planejamento e Financiamento: avanços e desafios da governança metropolitana no Brasil",,/portal/images/stories/PDFs/livros/livros/livro_federalismo_planejamento_financiamento_avancos_desafios.pdf
12,08/12/2021 08:00,,A Aplicação da Lei Maria da Penha em Cena: atores e práticas na produção de justiça para mulheres em situação de violência,,/portal/images/stories/PDFs/livros/livros/211207_lv_aplicacoes_lei_maria_da_penha_book.pdf
13,27/08/2021 11:13,,New Pathways for Innovation in Brazil,,/portal/images/stories/PDFs/livros/livros/210827_livro_new_pathways.pdf
14,22/07/2021 16:47,,"Brasil, Brasis: reconfigurações territoriais da indústria no século XXI",,/portal/images/stories/PDFs/livros/livros/210722_lv_brasil_book.pdf
15,02/06/2021 15:32,Volume 6,Fronteiras do Brasil: Referências para a Formulação de Políticas Públicas,,/portal/images/stories/PDFs/livros/livros/210602_livro_fronteira_do_brasil_vol_6.pdf
16,05/05/2021 14:25,,Alternativas de Cuidado a Usuários de Drogas na América Latina: desafios e possibilidades de ação pública,,/portal/images/stories/PDFs/livros/livros/210505_livro_alternativas_de_cuidado.pdf
17,04/05/2021 14:44,americana,Corredor bioceânico de Mato Grosso do Sul ao pacífico : produção e comércio na rota da integração sul,,/portal/images/stories/PDFs/livros/livros/210504_livro_corredor_bioceanico_ipea_uems_2020.pdf
18,03/05/2021 11:09,,Governança Metropolitana na América Latina: um panorama das experiências contemporâneas sob uma mirada comparativa,,/portal/images/stories/PDFs/livros/livros/210503_livro_governanca_metropolitana.pdf
19,14/04/2021 14:49,,Direito e políticas culturais,,/portal/images/stories/PDFs/livros/livros/210414_direitos_politicos_culturais.pdf
20,13/04/2021 10:23,,Research For Trade In Services Between China And Brazil,,/portal/images/stories/PDFs/livros/livros/210413_livro_research_for_trade_in_services.pdf
21,13/04/2021 10:15,Brazil Free Trade Agreement Tariffs On Goods,Impact Assessment Of A China,,/portal/images/stories/PDFs/livros/livros/210413_livro_impact_assessment_of_a_china_brazil.pdf
22,23/12/2020 12:32,Volume 5,Avaliação de Políticas Públicas no Brasil: uma análise das políticas de defesa da concorrência,,/portal/images/stories/PDFs/livros/livros/201223_livro_avaliacaoo_de_politicas_publicas_no_brasil.pdf
23,18/12/2020 08:46,2018,Dimensionamento de Gastos das Instituições da Administração Pública Federal na Cooperação Brasileira para o Desenvolvimento Internacional: COBRADI 2017,,/portal/images/stories/PDFs/livros/livros/210122_lv_dimensionamento_de_gastos.pdf
24,16/12/2020 13:13,,"Reformas do Estado no Brasil: Trajetórias, Inovações e Desafios",,/portal/images/stories/PDFs/livros/201216_lv_reformas_do_estado.pdf
25,16/12/2020 10:59,,"Dinâmicas da Economia Solidária no Brasil: organizações econômicas, representações sociais e políticas públicas",,/portal/images/stories/PDFs/livros/201216_livro_dinamicas_da_economia.pdf
26,01/12/2020 12:31,,Uma jornada pelos contrastes do Brasil : cem anos do Censo Agropecuário,,/portal/images/stories/PDFs/livros/livros/201201_livro_uma_jornada_pelos_contrastes_do_brasil.pdf
27,11/11/2020 12:24,,Beijing+20: avanços e desafios no Brasil contemporâneo,,/portal/images/stories/PDFs/livros/livros/201111_livro_beijing_20_book_web.pdf
28,14/10/2020 12:54,,História das Políticas Regionais no Brasil,,/portal/images/stories/PDFs/livros/livros/201014_livro_historias_das_politicas_regionais_no_brasil.pdf
29,30/09/2020 15:10,,Refúgio no Brasil: integração de refugiados e solicitantes de refúgio em Brasília (2019),,/portal/images/stories/PDFs/livros/livros/200930_livro_refugio_completo.pdf
30,16/09/2020 10:04,,"Políticas Públicas, Economia Criativa e da Cultura",,/portal/images/stories/PDFs/livros/livros/200916_politicas_publicas_economia_criativa.pdf
31,21/08/2020 18:14,Volume 5,Fronteiras do Brasil: uma avaliação do arco Sul,,/portal/images/stories/PDFs/livros/livros/200821_lv_199385_livro_fronteiras_do_brasil.pdf
32,21/08/2020 13:57,,Coordenação e relações intergovernamentais nas políticas sociais brasileiras,,/portal/images/stories/PDFs/livros/livros/200821_coordenacao_book.pdf
33,22/06/2020 12:16,2018),A Midiatização do Refúgio no Brasil (2010,,/portal/images/stories/PDFs/livros/livros/200824_lv_199651_midiatizacao_web.PDF
34,22/06/2020 09:59,,"Desenvolvimento Regional No Brasil Políticas, Estratégias e Perspectivas",,/portal/images/stories/PDFs/livros/200622_livro_desenvolvimento.pdf
35,03/06/2020 15:19,,Instituições e Desenvolvimento no Brasil: diagnósticos e uma agenda de pesquisas para as políticas públicas,,/portal/images/stories/PDFs/livros/200622_livro_instituicoes.pdf
36,12/05/2020 12:28,,,,/portal/images/stories/PDFs/livros/200601_conselhos_nacionais_web.pdf
37,12/05/2020 12:28,,Conselhos nacionais de direitos humanos: uma análise da agenda política,,/portal/images/stories/PDFs/livros/200601_conselhos_nacionais_web.pdf
38,12/05/2020 12:28,,,,/portal/images/stories/PDFs/livros/200601_conselhos_nacionais_web.pdf
39,08/04/2020 09:58,,,"EQUIPE TÉCNICA: Enid Rocha Andrade da Silva (coordenadora), Anna Maria Peliano e José Valente Chaves / Brasília, 2019",http://www.ipea.gov.br/portal/images/stories/PDFs/livros/livros/200408_Cadernos_ODS_17.pdf
40,08/04/2020 09:58,,,,http://www.ipea.gov.br/portal/images/stories/PDFs/livros/livros/200408_Cadernos_ODS_17.pdf
41,08/04/2020 09:58,,ODS 17: Fortalecer os Meios de Implementação e Revitalizar a Parceria Global para o Desenvolvimento Sustentável,,http://www.ipea.gov.br/portal/images/stories/PDFs/livros/livros/200408_Cadernos_ODS_17.pdf
42,03/04/2020 17:51,,Implementação de Políticas e Atuação de Gestores Públicos,,/portal/images/stories/PDFs/livros/200403_implementacao_politica_web.pdf
43,02/01/2020 09:59,Volume 4,Fronteiras do Brasil: uma avaliação do arco Central,,/portal/images/stories/PDFs/livros/livros/20200109%20-%20livro_fronteirasdobrasil_vol%204_completo.pdf
44,13/12/2019 18:28,,Legacy of the CDM: lessons learned and impacts from the Clean Development Mechanism in Brazil as insights for new mechanisms,,/portal/images/stories/PDFs/livros/livros/191213_legacy_of_the_cdm.pdf
45,26/11/2019 17:36,,Diagnóstico e desafios da agricultura brasileira,,/portal/images/stories/PDFs/livros/livros/191126_diagnostico_e_desafios_da_agricultura_brasileira.pdf
46,25/11/2019 12:59,,"Empresas estatais : políticas públicas, governança e desempenho",,/portal/images/stories/PDFs/livros/livros/191125_livro_empresa_estatal_no_brasil.pdf
47,22/11/2019 15:22,SDG – National Targets of Sustainable Development Goals,2030 AGENDA,,/portal/images/stories/PDFs/livros/livros/191122_livro_2030_agenda_sdg_national_targets_of_sustainable_development_goals.pdf
48,20/11/2019 17:18,,Avaliação de políticas públicas no Brasil: uma análise do semiárido,,/portal/images/stories/PDFs/livros/livros/191120_avaliacao_de_politicas_publicas.pdf
49,14/11/2019 16:08,,"ODS 16: Promover Sociedades Pacíficas e Inclusivas para o Desenvolvimento Sustentável, Proporcionar o Acesso à Justiça para todos e Construir Instituições Eficazes, Responsáveis e Inclusivas em Todos os Níveis","EQUIPE TÉCNICA: Enid Rocha Andrade da Silva (coordenadora), Anna Maria Peliano e José Valente Chaves / Brasília, 2019",/portal/images/stories/PDFs/livros/livros/191114_cadernos_ODS_objetivo_16.pdf
50,15/10/2019 15:02,,"Uma Análise da Base de Dados do Sistema de Informação Hospitalar entre 2001 e 2018: dicionário dinâmico, disponibilidade dos dados e aspectos metodológicos para a produção de indicadores sobre violência","Autores: Daniel R. C. Cerqueira, Paloma P. Alves, Danilo S. C. Coelho, Milena V. M. Reis e Adriana S. Lima / Rio de Janeiro, 2019",/portal/images/stories/PDFs/livros/livros/191015_Uma_analise_da_base_de_dados_do_sistema_de_informacao.pdf
51,14/10/2019 09:00,,ODS 13: Tomar Medidas Urgentes para Combater a Mudança do Clima e seus Impactos,"EQUIPE TÉCNICA: Enid Rocha Andrade da Silva (coordenadora), Anna Maria Peliano e José Valente Chaves / Brasília, 2019",/portal/images/stories/PDFs/livros/livros/191014_cadernos_ODS_objetivo_13.pdf
52,11/10/2019 15:25,,Patrimônios de Práticas na Cultura Brasileira,"Frederico Augusto Barbosa da Silva, Irmina Anna Walczak, Juliana Veloso Sá e Daniela Ribas Ghezzi / Rio de Janeiro, 2019",/portal/images/stories/PDFs/livros/livros/191011_livro_patrimonios_praticas_cultura_brasileira.pdf
53,23/09/2019 18:04,"Promover o crescimento econômico sustentado, inclusivo e sustentável, emprego pleno e produtivo, e trabalho decente para todas e todos",ODS 8,"EQUIPE TÉCNICA: Enid Rocha Andrade da Silva (coordenadora), Anna Maria Peliano e José Valente Chaves / Brasília, 2019",/portal/images/stories/PDFs/livros/livros/190920_cadernos_ODS_objetivo_8.pdf
54,06/09/2019 09:00,Alcançar a Igualdade de Gênero e Empoderar Todas as Mulheres e Meninas,ODS 5,"EQUIPE TÉCNICA: Enid Rocha Andrade da Silva (coordenadora), Anna Maria Peliano e José Valente Chaves / Brasília, 2019",/portal/images/stories/PDFs/livros/livros/190905_cadernos_ODS_objetivo_5.pdf
55,29/08/2019 16:20,"Assegurar uma Vida Saudável e Promover o Bem-Estar para Todas e Todos, em Todas as Idades",ODS 3,"EQUIPE TÉCNICA: Enid Rocha Andrade da Silva (coordenadora), Anna Maria Peliano e José Valente Chaves / Brasília, 2019",/portal/images/stories/PDFs/livros/livros/190829_cadernos_ODS_objetivo_3.pdf
56,26/08/2019 17:00,,Desafios contemporâneos para o exército brasileiro,,/portal/images/stories/PDFs/livros/livros/180826_desafios_contemporaneos_para_o_exercito_brasileiro.pdf
57,24/07/2019 16:06,,"Revitalização da Bacia Hidrográfica do Rio São Francisco: histórico, diagnóstico e desafios",,/portal/images/stories/PDFs/livros/livros/190724_livro_revitalizacao_hidrografica.pdf
58,11/07/2019 08:51,,"ODS 14: Conservação e Uso Sustentável dos Oceanos, dos Mares e dos Recursos Marinhos para o Desenvolvimento Sustentável",,/portal/images/stories/PDFs/livros/livros/190711_cadernos_ODS_objetivo_14.pdf
59,11/07/2019 08:48,"Assegurar a Educação Inclusiva e Equitativa e de Qualidade, e Promover Oportunidades de Aprendizagem ao Longo da Vida para Todas e Todos",ODS 4,,/portal/images/stories/PDFs/livros/livros/190711_cadernos_ODS_objetivo_4.pdf
60,03/07/2019 16:41,,Financiamentos com pagamentos vinculados à renda futura,,/portal/images/stories/PDFs/livros/livros/190703_financiamentos_com_pagamentos_vinculados.pdf
61,26/06/2019 00:00,"2ª edição, revista e ampliada",Um Pirilampo no Porão: um pouco de luz nos dilemas da produtividade das pequenas empresas e da informalidade no Brasil,,/portal/images/stories/PDFs/livros/livros/190626_um_pirilampo_no_porao_edicao_2.pdf
62,25/06/2019 18:33,Fome Zero e Agricultura Sustentável,ODS 2,,/portal/images/stories/PDFs/livros/livros/190625_cadernos_ODS_objetivo_2.pdf
63,12/06/2019 17:37,"Tornar as Cidades e os Assentamentos Humanos Inclusivos, Seguros, Resilientes e Sustentáveis",ODS 11,,/portal/images/stories/PDFs/livros/livros/190612_cadernos_ODS_objetivo_11.pdf
64,10/06/2019 08:10,,,,/portal/images/stories/PDFs/livros/livros/190530_livro_inovacao_e_politicas_publicas.pdf
65,10/06/2019 08:10,,Inovação e Políticas Públicas: superando o mito da ideia,,/portal/images/stories/PDFs/livros/livros/190530_livro_inovacao_e_politicas_publicas.pdf
66,30/05/2019 14:26,"Acabar com a Pobreza em Todas as suas Formas, em Todos os Lugares",ODS 1,,/portal/images/stories/PDFs/livros/livros/190524_cadernos_ODS_objetivo_1.pdf
67,30/05/2019 14:25,Assegurar a Disponibilidade e Gestão Sustentável da Água e Saneamento para Todas e Todos,ODS 6,,/portal/images/stories/PDFs/livros/livros/190524_cadernos_ODS_objetivo_6.pdf
68,30/05/2019 14:23,"Assegurar o Acesso Confiável, Sustentável, Moderno e a Preço Acessível à Energia Para Todos",ODS 7,,/portal/images/stories/PDFs/livros/livros/190502_cadernos_ODS_objetivo_7.pdf
69,30/05/2019 14:22,"Construir Infraestruturas Resilientes, Promover a Industrialização Inclusiva e Sustentável, e Fomentar a Inovação",ODS 9,,/portal/images/stories/PDFs/livros/livros/190524_cadernos_ODS_objetivo_9.pdf
70,30/05/2019 14:19,Reduzir a Desigualdade Dentro dos Países e Entre Eles,ODS 10,,/portal/images/stories/PDFs/livros/livros/190524_cadernos_ODS_objetivo_10.pdf
71,21/05/2019 15:10,,Implementando Desigualdades: Reprodução de Desigualdades na Implementação de Políticas Públicas,,/portal/images/stories/PDFs/livros/livros/190612_implementando_desigualdades.pdf
72,16/04/2019 12:01,,Radar IDHM: evolução do IDHM e de seus índices componentes no período de 2012 a 2017,,/portal/images/stories/PDFs/livros/livros/190416_rada_IDHM.pdf
73,08/04/2019 14:39,,"Política Metropolitana: governança, instrumentos e planejamento metropolitanos",,/portal/images/stories/PDFs/livros/livros/190408_capa_livro_politica_metropolitana_governanca.pdf
74,08/03/2019 17:05,,O Presidente e seu núcleo de governo: a coordenação do Poder Executivo,,/portal/images/stories/PDFs/livros/livros/190308_o_presidente_e_seu_nucleo_de_governo.pdf
75,12/02/2019 17:00,,"Participação como método de governo: experiências transcalares no Rio Grande do Sul, Brasil e na Toscana, Itália",,/portal/images/stories/PDFs/livros/livros/190212_participacao_como_metodo_de_governo.pdf
76,29/01/2019 17:54,,30 Years of the Brazilian Federal Constitution: perspectives for Brazilian federalism,,/portal/images/stories/PDFs/livros/livros/190129_30_years_of_the_brazilian_federal_constitution.pdf
77,16/01/2019 14:12,,Encomendas tecnológicas no Brasil: guia geral de boas práticas,,/portal/images/stories/PDFs/livros/livros/190116_encomendas_tecnologicas.pdf
78,14/01/2019 09:02,,Discutindo a Política Urbana no Brasil – registros do Seminário Internacional sobre Política Urbana: 15 Anos de Estatuto da Cidade e o Brasil na Nova Agenda Urbana (Habitat III),,/portal/images/stories/PDFs/livros/livros/190114_livro_discutindo_a_politica_urbana_no_brasil.pdf
79,03/01/2019 12:13,,Comunidades terapêuticas: temas para reflexão,,/portal/images/stories/PDFs/livros/livros/190103_comunidades_terapeuticas.pdf
80,02/01/2019 14:20,,Legado do MDL: impactos e lições aprendidas a partir da implementação do Mecanismo de Desenvolvimento Limpo no Brasil,,/portal/images/stories/PDFs/livros/livros/181228_livro_mdl.pdf
81,31/12/2018 09:32,ODS – Metas Nacionais dos Objetivos de Desenvolvimento Sustentável,AGENDA 2030,,/portal/images/stories/PDFs/livros/livros/180801_ods_metas_nac_dos_obj_de_desenv_susten_propos_de_adequa.pdf
82,20/12/2018 07:17,,Estratégias de superação da pobreza no Brasil recente e impacto sobre o meio rural,,/portal/images/stories/PDFs/livros/livros/181220_livro_estrategias_de_superacao.pdf
83,19/12/2018 13:30,2016,Cooperação Brasileira para o Desenvolvimento Internacional: 2014,,/portal/images/stories/PDFs/livros/livros/181219_cobradi_2014-2016.pdf
84,18/12/2018 18:24,,"Avaliação de Políticas Públicas: Guia prático de análise ex post, Volume 2","Brasília, 2018",/portal/images/stories/PDFs/livros/livros/181218_avaliacao_de_politicas_publicas_vol2_guia_expost.pdf
85,18/12/2018 14:12,Volume 2,Desafios da Nação,,/portal/images/stories/PDFs/livros/livros/181218_desafios_da_nacao_vol2.pdf
86,06/12/2018 12:30,crise de 2008,Política externa brasileira em debate: dimensões e estratégias de inserção internacional no pós,,/portal/images/stories/PDFs/livros/livros/181206_a_politica_externa_brasileira.pdf
87,27/11/2018 18:11,,CMAP 2016 a 2018: Estudos e Propostas do Comitê de Monitoramento e Avaliação de Políticas Públicas Federais,,/portal/images/stories/PDFs/livros/livros/181127_comite_de_monitoramento.pdf
88,27/11/2018 17:49,,Avaliação de Desempenho do Brasil Mais Produtivo,,/portal/images/stories/PDFs/livros/livros/181127_avaliacao_do_desempenho.pdf
89,27/11/2018 17:13,Volume 1,Fronteiras do Brasil: uma avaliação de política pública,,/portal/images/stories/PDFs/livros/livros/181112_livro_fronteira_do_brasil_uma_avaliacao_de_politica_publica.pdf
90,12/11/2018 11:25,,Políticas públicas: avaliando mais de meio trilhão de reais em gastos públicos,,/portal/images/stories/PDFs/livros/livros/181009_politicas_publicas_no_brasil.pdf
91,05/11/2018 10:08,,Financiamento do desenvolvimento no Brasil,,/portal/images/stories/PDFs/livros/livros/181105_livro_financiamento_desenvolvimento.pdf
92,05/07/2018 13:29,,Governança da política de infraestrutura : condicionantes institucionais ao investimento,,/portal/images/stories/PDFs/livros/livros/180705_livro_gover_politica_infra_condic_inst_invest.pdf
93,05/07/2018 11:32,,Burocracia e políticas públicas no Brasil : interseções analíticas,,/portal/images/stories/PDFs/livros/livros/180705_livro_burocracia_e_politicas_publicas_no_brasil.pdf
94,22/06/2018 16:26,Volume 3,Fronteiras do Brasil: uma avaliação do arco Norte,,/portal/images/stories/PDFs/livros/livros/180622_fronteiras_do_brasil_volume3.pdf
95,15/06/2018 15:28,,Novos caminhos para a inovação no Brasil,,/portal/images/stories/PDFs/livros/livros/180615_novos_caminhos_para_a_inovacao_no_brasil.pdf
96,07/06/2018 09:12,,Perfil das organizações da sociedade civil no Brasil,,/portal/images/stories/PDFs/livros/livros/180607_livro_perfil_das_organizacoes_da_sociedade_civil_no_brasil.pdf
97,29/05/2018 17:36,,A nova agenda urbana e o Brasil: insumos para sua construção e desafios a sua implementação,,/portal/images/stories/PDFs/livros/livros/180529_a_nova_agenda_urbana_e_o_brasil.pdf
98,08/05/2018 13:56,Ipea-OAB/DF,Reforma tributária,,/portal/images/stories/PDFs/livros/livros/180508_reforma_tributaria.pdf
99,04/05/2018 15:06,based modeling,PolicySpace : agent,,/portal/images/stories/PDFs/livros/livros/180504_livro_policy_space_ingles.pdf
100,23/04/2018 16:19,,Brasil Metropolitano em foco: Desafios à implementação do Estatuto da Metrópole,,/portal/images/stories/PDFs/livros/livros/180410_brasil_metropolitano_em_foco.pdf
101,11/04/2018 11:00,Volume 01,Desafios da Nação,,/portal/images/stories/PDFs/livros/livros/180327_desafios_da_nacao.pdf
102,11/04/2018 11:00,,"Desafios da Nação: artigos de apoio, volume 1",,/portal/images/stories/PDFs/livros/livros/180327_desafios_da_nacao_apoio_vol1.pdf
103,11/04/2018 11:00,,"Desafios da Nação: artigos de apoio, volume 2",,/portal/images/stories/PDFs/livros/livros/180327_desafios_da_nacao_apoio_vol2.pdf
104,06/04/2018 13:40,,Bibliotecário do Século XXI: pensando o seu papel na contemporaneidade,,/portal/images/stories/PDFs/livros/livros/180406_bibliotecario_do_sec_XXI.pdf
105,26/03/2018 14:38,,PolicySpace: Modelagem Baseada em Agentes,,/portal/images/stories/PDFs/livros/livros/180326_policy_space.pdf
106,19/03/2018 17:07,Guia Prático de AnáliseEx Ante- Volume 1,Avaliação de Políticas Públicas,,/portal/images/stories/PDFs/livros/livros/180319_avaliacao_de_politicas_publicas.pdf
107,19/03/2018 15:20,desafios e oportunidades na governança global,Brasil e o Sistema das Nações Unidas,,/portal/images/stories/PDFs/livros/livros/180319_brasil_e_o_sistema_das_nacoes_unidas.pdf
108,15/02/2018 08:56,,Terceirização do Trabalho no Brasil: novas e distintas perspectivas para o debate,,/portal/images/stories/PDFs/livros/livros/180215_terceirizacao_do_trabalho_no_brasil_novas_e_distintas_perspectivas_para_o_debate.pdf
109,14/12/2017 00:00,,A política comercial brasileira em análise,,/portal/images/stories/PDFs/livros/livros/171129_livro_politica_comercial.pdf
110,11/12/2017 08:05,,Atlas do Desenvolvimento Humano nas Regiões Metropolitanas Brasileiras,,/portal/images/stories/PDFs/livros/livros/171208_livro_atlas_idhm_desenvolvimento_humano.pdf
111,17/11/2017 15:30,,Burocracia federal de infraestrutura econômica: reflexões sobre capacidades estatais,,/portal/images/stories/PDFs/livros/livros/171117_livro_burocracia_federal_de_Infraestrutura_economica.pdf
112,13/11/2017 00:00,,O Mercosul e as regiões de fronteira,,/portal/images/stories/PDFs/livros/livros/171101_livro_mercosul.pdf
113,03/11/2017 00:00,,"Políticas de Apoio à Inovação Tecnológica no Brasil: avanços recentes, limitações e propostas de ações",,/portal/images/stories/PDFs/livros/livros/171103_politicas_de_apoio_a_inovacao.pdf
114,31/10/2017 14:00,,"Cadeias Globais de Valor, Políticas Públicas e Desenvolvimento",,/portal/images/stories/PDFs/livros/livros/171011_cadeias_globais.pdf
115,27/10/2017 16:11,"2015, volume 1",Características estruturais do sistema financeiro brasileiro: um registro da reflexão do Ipea no biênio 2014,,/portal/images/stories/PDFs/livros/livros/171027_caracteristicas_estruturais.pdf
116,17/10/2017 08:00,,"Inovação no Setor Público: teoria, tendências e casos no Brasil",,/portal/images/stories/PDFs/livros/livros/171002_inovacao_no_setor_publico.pdf
117,10/10/2017 11:04,,Arranjos produtivos locais e desenvolvimento,,/portal/images/stories/PDFs/livros/livros/171010_livro_arranjos_produtivos.pdf
118,26/09/2017 14:30,2014),Refúgio no Brasil: caracterização dos perfis sociodemográficos dos refugiados (1998,,/portal/images/stories/PDFs/livros/livros/170829_Refugio_no_Brasil.pdf
119,05/09/2017 00:00,,A Política Nacional de Agroecologia e Produção Orgânica no Brasil,,/portal/images/stories/PDFs/livros/livros/144174_politica-nacional_WEB.PDF
120,04/09/2017 11:26,,Uso do tempo e gênero,,/portal/images/stories/PDFs/livros/livros/170904_uso_do_tempo_e_genero.pdf
121,25/07/2017 10:58,,As Políticas Territoriais Rurais e a Articulação Governo Federal e Estadual: um estudo de caso da Bahia,,/portal/images/stories/PDFs/livros/livros/170725_livro_as politicas_territoriais_rurais.pdf
122,17/07/2017 16:06,,Territórios em números: insumos para políticas públicas a partir da análise do IDHM e do IVS de UDHs e regiões metropolitanas brasileiras,"Bárbara Oliveira Marguti, Marco Aurélio Costa e Carlos Vinícius da Silva Pinto / Brasília, 2017",/portal/images/stories/PDFs/livros/livros/170828_livro_territorios_numeros_insumos_politicas_publicas_2.pdf
123,17/07/2017 14:54,,Territórios em números: insumos para políticas públicas a partir da análise do IDHM e do IVS de municípios e Unidades da Federação brasileira,"Bárbara Oliveira Marguti, Marco Aurélio Costa e Carlos Vinícius da Silva Pinto / Brasília, 2017",/portal/images/stories/PDFs/livros/livros/170828_territorios_em_numeros_1.pdf
124,05/07/2017 10:00,,Políticas de inovação pelo lado da demanda no Brasil,,/portal/images/stories/PDFs/livros/livros/20170705_politicas_de_inovacao.pdf
125,28/06/2017 09:00,Volume 2,Fronteiras do Brasil: diagnóstico e agenda de pesquisa para política pública,,/portal/images/stories/PDFs/livros/livros/170628_fronteiras_do_brasil_volume2.pdf
126,27/06/2017 16:48,,"Tributação no Brasil: estudos, ideias e propostas",,/portal/images/stories/PDFs/livros/livros/170512_livro_tributacao.pdf
127,26/06/2017 17:11,,,,/portal/images/stories/PDFs/livros/livros/livro_braziliancooperation_ingles2011-2013.pdf
128,19/06/2017 14:23,,Licenciamento Ambiental e Governança Territorial: registros e contribuições do seminário internacional,,/portal/images/stories/PDFs/livros/livros/170619_livro_licenciamento_ambiental.pdf
129,24/05/2017 15:40,,,,/portal/images/stories/PDFs/livros/livros/170606_brasil_2035_cenarios_para_desenvolvimento.PDF
130,24/05/2017 15:40,,Brasil 2035 cenários para o desenvolvimento,,/portal/images/stories/PDFs/livros/livros/170606_brasil_2035_cenarios_para_desenvolvimento.PDF
131,10/05/2017 10:30,,Desenvolvimento Humano para Além das Médias,,/portal/images/stories/PDFs/livros/livros/170510_desenvolvimento_humano_para_alem_das_medias.pdf
132,04/04/2017 15:20,,Agricultura e indústria no Brasil: inovação e competitividade,,/portal/images/stories/PDFs/livros/livros/170626_livro_agricultura_no_brasil.pdf
133,15/02/2017 08:01,,Avaliação de Políticas Públicas no Brasil: uma análise da Política Nacional de Desenvolvimento Regional (PNDR),,/portal/images/stories/PDFs/livros/livros/170215_livro_avalicao_politicas_publicas_brasil_vol3.pdf
134,13/02/2017 16:22,,,"Aristides Monteiro Neto, César Nunes de Castro e Carlos Antonio Brandão/Brasília, 2017",/portal/images/stories/PDFs/livros/livros/20170213_livro_desenvolvimentoregional.pdf
135,13/02/2017 16:22,"Políticas, estratégias e perspectivas",Desenvolvimento Regional no Brasil,,/portal/images/stories/PDFs/livros/livros/20170213_livro_desenvolvimentoregional.pdf
136,31/01/2017 08:00,,Biblioteca do Século XXI: desafios e perspectivas,,/portal/images/stories/PDFs/livros/livros/170105_biblioteca_do_seculo_21.pdf
137,26/01/2017 13:52,,,,/portal/images/stories/PDFs/livros/livros/170126_livro_s1601337_pt.pdf
138,26/01/2017 13:52,,Avaliação do Fundo Clima,,/portal/images/stories/PDFs/livros/livros/170126_livro_s1601337_pt.pdf
139,07/12/2016 09:00,brasileira,Jovens universitários em um mundo em transformação: uma pesquisa sino,SUMÁRIO,/portal/images/stories/PDFs/livros/livros/160715_livro_jovens_universitarios.pdf
140,08/11/2016 07:45,,"Participação, conflitos e intervenções urbanas: contribuições à Habitat III",,/portal/images/stories/PDFs/livros/livros/161108_livro_democracia_participacao_conflitos_virtual_cegov_2016.pdf
141,06/10/2016 11:00,,Política nacional do idoso : velhas e novas questões,,/portal/images/stories/PDFs/livros/livros/161006_livro_politica_nacional_idosos.PDF
142,05/10/2016 13:52,,"The geopolitics of cities : old challenges, new issues",,/portal/images/stories/PDFs/livros/livros/161005_geopolitics.pdf
143,05/10/2016 13:40,,"Geopolítica das cidades: velhos desafios, novos problemas",,/portal/images/stories/PDFs/livros/livros/161005_a_geopolitica.PDF
144,20/09/2016 14:32,,O Estatuto da Cidade e a Habitat III : um balanço de quinze anos da política urbana no Brasil e a nova agenda urbana,,/portal/images/stories/PDFs/livros/livros/160920_estatuto_cidade.pdf
145,15/09/2016 15:05,2013,Cooperação Brasileira para o Desenvolvimento Internacional: 2011,,/portal/images/stories/PDFs/livros/livros/161017_livro_cobradi_2011_2013.pdf
146,05/09/2016 16:26,,Eixos de estruturação da transformação urbana: inovação e avaliação em São Paulo,,/portal/images/stories/PDFs/livros/livros/160905_livro_eixos_de_estruturacao.pdf
147,05/09/2016 14:51,Mobilities and Interactions in Urban Development,City and Movement,,/portal/images/stories/PDFs/livros/livros/160905_livro_city_and_movement.pdf
148,05/09/2016 10:13,Mobilidades e Interações no Desenvolvimento Urbano,Cidade e Movimento,,/portal/images/stories/PDFs/livros/livros/160905_livro_cidade_movimento.pdf
149,12/08/2016 14:36,,Mudanças no código florestal brasileiro: desafios para a implementação da nova lei,,/portal/images/stories/PDFs/livros/livros/160812_livro_mudancas_codigo_florestal_brasileiro.pdf
150,05/08/2016 08:55,,O ribeirinho e seu território tradicional: regularização fundiária em terras da União,,/portal/images/stories/PDFs/livros/livros/160805_cartilha_spu.pdf
151,25/07/2016 08:48,,"Agricultura, transformação produtiva e sustentabilidade",,/portal/images/stories/PDFs/livros/livros/160725_agricultura_transformacao_produtiva.pdf
152,19/07/2016 15:02,,"Governança Ambiental no Brasil: instituições, atores e políticas públicas",,/portal/images/stories/PDFs/livros/livros/160719_governanca_ambiental.pdf
153,18/07/2016 11:29,,Caracterização e Tipologia de Assentamentos Precários: estudos de caso brasileiros,SUMÁRIO,/portal/images/stories/PDFs/livros/livros/160718_caracterizacao_tipologia.pdf
154,06/07/2016 13:08,,Mapeamento da Base Industrial de Defesa,,/portal/images/stories/PDFs/livros/livros/160706_livro_mapeamento_defesa.pdf
155,23/06/2016 15:58,,A Função Socioambiental do Patrimônio da União na Amazônia,,/portal/images/stories/PDFs/livros/livros/160623_livro_funcao_socioambiental.pdf
156,14/06/2016 15:30,,Instituições participativas no âmbito da segurança pública : programas impulsionados por instituições policiais,,/portal/images/stories/PDFs/livros/livros/160614_livro_inst_partic_ambito_seg_pub.pdf
157,25/05/2016 12:58,,,,/portal/images/stories/PDFs/livros/livros/160525_livro_ouvidoria.pdf
158,09/05/2016 17:52,,Vida Social e Política nas Favelas,,/portal/images/stories/PDFs/livros/Livro_VidaSocial_WEB.pdf
159,18/04/2016 14:39,,,,/portal/images/stories/PDFs/livros/160513_livro_dimensoes.pdf
160,12/04/2016 16:14,,,,/portal/images/stories/PDFs/livros/livros/160413_report_habitat_iii.pdf
161,31/03/2016 17:33,,,,/portal/images/stories/PDFs/livros/livros/20160331_livro-idhm.pdf
162,31/03/2016 11:59,,,,/portal/images/stories/PDFs/livros/livros/160331_livro_catadores.pdf
163,22/03/2016 16:34,,,,/portal/images/stories/PDFs/livros/livro_capacidades.pdf
164,15/03/2016 13:48,,,,/portal/images/stories/PDFs/livros/livros/160315_livro_quarenta_anos_etanol.pdf
165,03/03/2016 09:50,,,,/portal/images/stories/PDFs/livros/livros/160408_relatorio_habitat_iii.pdf
166,02/03/2016 15:12,,,,/portal/images/stories/PDFs/livros/livros/160404_livro_experiencias.pdf
167,24/02/2016 08:37,,,,/portal/images/stories/PDFs/livros/livros/livro_sistemas_setoriais.pdf
168,08/12/2015 11:59,,,,/portal/images/stories/PDFs/livros/livros/livro-pnud-coletanea-artigos.pdf
169,08/12/2015 11:59,,Prêmio Atlas do Desenvolvimento Humano no Brasil: coletânea de artigos,,/portal/images/stories/PDFs/livros/livros/livro-pnud-coletanea-artigos.pdf
170,20/11/2015 15:54,,Violência e Segurança Pública em 2023: cenários exploratórios e planejamento prospectivo,,/portal/images/stories/PDFs/livros/livros/151211_livro_violencia_seguranca.pdf
171,20/11/2015 11:20,,,,/portal/images/stories/PDFs/livros/livros/bd_2015_web.pdf
172,11/11/2015 15:41,,,,/portal/images/stories/PDFs/livros/livros/151218_livro_economia_brasilera.pdf
173,11/11/2015 15:41,2013Relatos e interpretações da análise de conjuntura no Ipea,Economia brasileira no período 1987,,/portal/images/stories/PDFs/livros/livros/151218_livro_economia_brasilera.pdf
174,04/11/2015 07:27,term strategy for BRICS: A proposal by the BRICS Think Tanks Council,Towards a long,,/portal/images/stories/PDFs/livros/livros/151104_brics_long_term_strategy.pdf
175,19/10/2015 17:16,,,,/portal/images/stories/PDFs/livros/livros/livro_6jornada.pdf
176,14/10/2015 12:14,,Megatendências Mundiais 2030: O que entidades e personalidades internacionais pensam sobre o futuro do mundo?,"Elaine C. Marcial (Organizadora)/ Brasília, 2015",/portal/images/stories/PDFs/livros/livros/151013_megatendencias_mundiais_2030.pdf
177,08/10/2015 16:12,,,,/portal/images/stories/PDFs/livros/livros/160530_livro_planejamento_brasil_sec_xxi.pdf
178,08/10/2015 16:12,elementos para o pensar e o agir,Planejamento Brasil Século XXI: inovação institucional e refundação administrativa,,/portal/images/stories/PDFs/livros/livros/160530_livro_planejamento_brasil_sec_xxi.pdf
179,05/10/2015 14:10,,Atlas da  Vulnerabilidade Social nas Regiões Metropolitanas Brasileiras,,/portal/images/stories/PDFs/151008_atlas_regioes_metropolitanas_brasileiras.pdf
180,29/09/2015 09:17,,,,/portal/images/stories/PDFs/livros/livros/150831_livro_produtividade_v2.pdf
181,18/09/2015 15:07,,China em Transformação Dimensões Econômicas e Geopolíticas do Desenvolvimento,,/portal/images/stories/PDFs/livros/livros/150918_livro_china_em_transformacao.pdf
182,14/09/2015 15:13,,,,/portal/images/stories/PDFs/livros/livros/150914_livro_cargos_confianca.pdf
183,08/09/2015 00:00,,,,/portal/images/stories/PDFs/livros/livros/livro-ppa-2012-2015-vol3.pdf
184,08/09/2015 00:00,2015 - A Experiência Subnacional de Planejamento no Brasil,PPA 2012,,/portal/images/stories/PDFs/livros/livros/livro-ppa-2012-2015-vol3.pdf
185,01/09/2015 09:23,,,,/portal/images/stories/PDFs/livros/livros/151022_atlas_da_vulnerabilidade.pdf
186,31/08/2015 12:43,,,,/portal/images/stories/PDFs/livros/livros/150831_amazonia_e_atlantico_sul_web.pdf
187,30/07/2015 14:56,,,,/portal/images/stories/PDFs/150730_livro_capacidades_governativas.pdf
188,27/07/2015 10:18,,,,/portal/images/stories/PDFs/150727_livro_modelagem_sistemas.pdf
189,27/07/2015 09:56,,,,/portal/images/stories/PDFs/150727_livro_modeling_complex_systems_public_policies.pdf
190,,,,,/portal/images/stories/PDFs/atlasdodesenvolvimentohumanorms.pdf
191,,,O Direito à Água como Política Pública na América Latina: uma exploração teórica e empírica,,/portal/images/stories/PDFs/livros/livros/150505_web_o_direito_a_agua.pdf
192,27/04/2015 11:21,2012: especificidades e dilemas,O regime de câmbio flutuante no Brasil 1999,,/portal/images/stories/PDFs/livros/livros/150427_o_regime_de_cambio_flutuante.pdf
193,15/04/2015 13:07,,,,/portal/images/stories/PDFs/livros/livros/20150415_livro_dinamica_macrossetorial.pdf
194,15/04/2015 12:25,,,,/portal/images/stories/PDFs/livros/livros/20150415_livro_insercao-externa.pdf
195,16/03/2015 13:05,,,,/portal/images/stories/PDFs/livros/livros/capacidades_governativas.pdf
196,26/02/2015 13:10,,,,/portal/images/stories/PDFs/livros/livros/livro_ppa_vol_1_web.pdf
197,26/02/2015 13:10,,Planejamento e Avaliação de Políticas Públicas,,/portal/images/stories/PDFs/livros/livros/livro_ppa_vol_1_web.pdf
198,25/02/2015 10:35,,,,/portal/images/stories/PDFs/livros/livros/150302_web_estudos_da_coordenacao.pdf
199,25/02/2015 10:25,,,,/portal/images/stories/PDFs/livros/livros/livro_ppa_vol_2_web.pdf
200,25/02/2015 10:25,2015 - Experimentalismo Institucional e Resistência Burocrática,PPA 2012,,/portal/images/stories/PDFs/livros/livros/livro_ppa_vol_2_web.pdf
201,16/01/2015 09:57,,,,/portal/images/stories/PDFs/livros/livros/livro_catedras_patrono_brasil_web.pdf
202,,,,,/portal/images/stories/PDFs/livros/livros/livro_forum_brics.pdf
203,21/12/2014 07:47,,,,/portal/images/stories/PDFs/livros/livros/160330_livro_federalismo_sul_americano.pdf
204,19/12/2014 11:00,,,,/portal/images/stories/PDFs/livros/livros/repensando_a_cooperacao_web.pdf
205,19/12/2014 10:53,,,,/portal/images/stories/PDFs/livros/livros/os004_competitividade_da_engenharia_web.pdf
206,19/12/2014 10:51,,,,/portal/images/stories/PDFs/livros/livros/book_web_redesenho_programa_cultura_viva.pdf
207,19/12/2014 10:41,,,,/portal/images/stories/PDFs/livros/livros/livro_evolucao_recente_web.pdf
208,16/12/2014 14:18,,,,/portal/images/stories/PDFs/livros/livros/abdi-ipea-volume3.pdf
209,16/12/2014 14:17,,,,/portal/images/stories/PDFs/livros/livros/abdi-ipea-volume5.pdf
210,16/12/2014 14:17,,,,/portal/images/stories/PDFs/livros/livros/abdi-ipea-volume6.pdf
211,16/12/2014 14:17,,,,/portal/images/stories/PDFs/livros/livros/abdi-ipea-volume4.pdf
212,16/12/2014 14:17,,,,/portal/images/stories/PDFs/livros/livros/abdi-ipea-volume2.pdf
213,16/12/2014 13:42,,,,/portal/images/stories/PDFs/livros/livros/abdi-ipea-volume1.pdf
214,12/12/2014 00:00,,,,/portal/images/stories/PDFs/livros/livros/150514_pesquisa_de_satisfacao.pdf
215,08/12/2014 11:32,,,,/portal/images/stories/PDFs/livros/livros/web_bd_vol2.pdf
216,08/12/2014 11:03,,,,/portal/images/stories/PDFs/livros/livros/web_bd_vol1.pdf
217,03/12/2014 13:50,,Situação social da população negra por estado,"Valor: R$ 10,00",/portal/images/stories/PDFs/livros/livros/livro_situacao-social-populacao-negra.pdf
218,,,,,/portal/images/stories/PDFs/livros/livros/141125_atlas_prefacio
219,,,,,/portal/images/stories/PDFs/livros/livros/livro_governanca_vol3.pdf
220,,,,,/portal/images/stories/PDFs/livros/livros/livro_governanca_vol2.pdf
221,,,,,/portal/images/stories/PDFs/livros/livros/livro_produtividade_no_brasil.pdf
222,,,,,/portal/images/stories/PDFs/livros/livros/livro_avaliacao_politicas_2.pdf
223,,,,,/portal/images/stories/PDFs/livros/livros/livro_avaliacao_politicas_1.pdf
224,,,,,/portal/images/stories/PDFs/livros/livros/livro_regime_demografico.pdf
225,,,,,/portal/images/stories/PDFs/livros/livros/livro_financas_vol_2.pdf
226,,,,,/portal/images/stories/PDFs/livros/livros/livro_financas_vol_1.pdf
227,,,,,/portal/images/stories/PDFs/livros/livros/livro_brasil_novas_dimensoes.pdf
228,,,,,/portal/images/stories/PDFs/livros/livros/livro_persp_intr_america_latina
229,,,,,/portal/images/stories/PDFs/livros/livros/livro_desafios_completo-web.pdf
230,,,,,/portal/images/stories/PDFs/livros/livros/livro_atingidos_barragens.pdf
231,,,,,/portal/images/stories/PDFs/livros/livros/150605_livro_presente_futuro.pdf
232,,,,,/portal/images/stories/PDFs/livros/livros/livro_ressurg_da_ind_naval.pdf
233,,,,,/portal/images/stories/PDFs/livros/livros/livro_financiamento_cidades.pdf
234,,,,,/portal/images/stories/PDFs/livros/livros/livro_governos_estaduais.pdf
235,,,,,/portal/images/stories/PDFs/livros/livros/livro_brics_comercio.pdf
236,,,,,/portal/images/stories/PDFs/livros/livros/livro_brics_investimento.pdf
237,20/06/2014 10:47,,,,/portal/images/stories/PDFs/livros/livros/150826_livro_sips_2014.pdf
238,,livro 3,"Política Externa, Espaço e Desenvolvimento",,/portal/images/stories/PDFs/livros/livros/140616_polticaexternaespaco3.pdf
239,,livro 2,"Sociedade, política e desenvolvimento",,/portal/images/stories/PDFs/livros/livros/140616_sociedade-desenvolvimento-politica2.pdf
240,,,,,/portal/images/stories/PDFs/livros/livros/livro_estrategia_defesa.pdf
241,,,,,/portal/images/stories/PDFs/livros/livros/livro_os_desafios_politica.pdf
242,,,,,/portal/images/stories/PDFs/livros/livros/150511_estrategias_para_desenvolvimento_de_pessoas.pdf
243,,,,,/portal/images/stories/PDFs/livros/livros/livro_politicasagroambientais.pdf
244,,,Capacidades Estatais e Democracia,"Alexandre de Ávila Gomide e Roberto Rocha C. Pires (Editores) / Brasília, 2014",/portal/images/stories/PDFs/livros/capacidades_estatais_e_democracia_web.pdf
245,,,,,/portal/images/stories/PDFs/livros/livros/livro_11%20de%20setembro_web.pdf
246,,,,,/portal/images/stories/PDFs/140321_pbf_sumex_portugues.pdf
247,,,,,/portal/images/stories/PDFs/140523_relatorioodm.pdf
248,,,V Relatório Nacional de Acompanhamento dos Objetivos de Desenvolvimento do Milênio,,/portal/images/stories/PDFs/140523_relatorioodm.pdf
249,,,,,/portal/images/stories/PDFs/140321_pbf_sumex_ingles.pdf
250,,,,,/portal/images/stories/PDFs/livros/livros/livro_aspectos_multidimensionais.pdf
251,,,,,/portal/images/stories/PDFs/livros/livros/livro_brasil_seguranca.pdf
252,,,,,/portal/images/stories/PDFs/livros/livros/livro_braziliancooperation_ingles.pdf
253,,,,,/portal/images/stories/PDFs/livros/livros/livro_dossie_mulheres_negras.pdf
254,16/11/2013 13:39,,,,/portal/images/stories/PDFs/livros/livros/livro_modernizacaosemmudancas.pdf
255,16/11/2013 13:39,,Modernização sem Mudanças: da contagem de cabeças à gestão estratégica de pessoas,,/portal/images/stories/PDFs/livros/livros/livro_modernizacaosemmudancas.pdf
256,16/11/2013 13:39,,,,/portal/images/stories/PDFs/livros/livros/livro_dependencia%20e%20superexploracao.pdf
257,16/11/2013 13:39,,Dependência e Superexploração do Trabalho no Capitalismo Contemporâneo,,/portal/images/stories/PDFs/livros/livros/livro_dependencia%20e%20superexploracao.pdf
258,,,"Avulso: R$ 50,00",,/portal/images/stories/PDFs/livros/livros/livro_licenciamento_ambiental.pdf
259,,,,,/portal/images/stories/PDFs/livros/livros/livro_direito_desenvolvimento_brasil_vol01.pdf
260,,,,,/portal/images/stories/PDFs/livros/livros/livro_as_transformacoes_smi.pdf
261,,,,,/portal/images/stories/PDFs/livros/livros/livro_brasil_desenvolvimento2013_vol01.pdf
262,,,,,/portal/images/stories/PDFs/livros/livros/livro_brasil_desenvolvimento2013_vol02.pdf
263,15/11/2013 12:00,,,,/portal/images/stories/PDFs/livros/livros/livro_brasil_desenvolvimento2013_vol03.pdf
264,,,,,/portal/images/stories/PDFs/livros/livros/livro_bolsafamilia_10anos.pdf
265,,,,,/portal/images/stories/PDFs/livros/livro_propriedade_intelectual.pdf
266,,,,,/portal/images/stories/PDFs/livros/livro_40_anos_regioes_metropolitanas_vol01.pdf
267,,,,,/portal/images/stories/PDFs/livros/livros/livro_panoramadacomunicacao2012_2013_vol01.pdf
268,,,,,/portal/images/stories/PDFs/livros/livros/livro_panoramadacomunicacao2012_2013_vol02.pdf
269,,,,,/portal/images/stories/PDFs/livros/livros/livro_panoramadacomunicacao2012_2013_vol03.pdf
270,,,,,/portal/images/stories/PDFs/livros/livros/livro_panorama_da_comunicacao_v4.pdf
271,,,,,/portal/images/stories/PDFs/livros/livros/livro_economicademaceio.pdf
272,,,,,/portal/images/stories/PDFs/livros/livros/livro_conferencias_nacionais.pdf
273,,,,,/portal/images/stories/PDFs/livros/livros/livro_republicademocracia.pdf
274,,,,,/portal/images/stories/PDFs/livros/livros/livro_quilombo_das_americas_espanhol.pdf
275,,,,,/portal/images/stories/PDFs/livros/livros/livro_cooperacao_brasileira_ed02a.pdf
276,,,,,/portal/images/stories/PDFs/livros/livros/livro_territoriometropolitano.pdf
277,,,,,/portal/images/stories/PDFs/livros/livros/livro_tendencias_regulatorias1.pdf
278,15/07/2013 12:00,,,,/portal/images/stories/PDFs/livros/livros/livro_igualdade_racialbrasil01.pdf
279,,,,,/portal/images/stories/PDFs/130729_AtlasPNUD_2013.pdf
280,,,,,/portal/images/stories/PDFs/livros/livros/livro_pesquisa_empirica_direito.pdf
281,,,,,/portal/images/stories/PDFs/livros/livros/livro_gestaoejurisdicao.pdf
282,,,,,/portal/images/stories/PDFs/livros/livros/livro_impactos_tecnologicos_parcerias.pdf
283,,,,,/portal/images/stories/PDFs/livros/livros/livro_finaciamento_corporacoes03.pdf
284,,,,,/portal/images/stories/PDFs/livros/livros/livro_petrobras_aguas_profundas.pdf
285,,,,,/portal/images/stories/PDFs/livros/livros/livro_desenvolvimento_dependencia.pdf
286,,,,,/portal/../sites/images/downloads/mapa_da_defensoria_publica_no_brasil_impresso.pdf
287,,,,,/portal/images/stories/PDFs/livros/livros/web_internationalization_of_companies.pdf
288,,,,,/portal/images/stories/PDFs/livros/livros/web_brics_na_omc.pdf
289,,,,,/portal/images/stories/PDFs/livros/livros/livro_micro_pequenasempresas.pdf
290,,,,,/portal/images/stories/PDFs/livros/livros/web_operaes_de_paz_em_um_mundo_globalizado.pdf
291,,,,,/portal/images/stories/PDFs/livros/livros/livro_perspectivas_integracion.pdf
292,,,,,/portal/images/stories/PDFs/livros/livros/livro_federalismoabrasileira_v08.pdf
293,,,,,/portal/images/stories/PDFs/livros/livros/livro_quilombo_das_americas.pdf
294,,,,,/portal/images/stories/PDFs/livros/livros/livro_russia_no_seculoxxi.pdf
295,,,,,/portal/images/stories/PDFs/livros/livros/livro_anaisdocircuito01.pdf
296,,,,,/portal/images/stories/PDFs/livros/livros/livro_defesa_nacional_secxxi.pdf
297,,,,,/portal/images/stories/PDFs/livros/livros/livro_paedi.pdf
298,,,,,/portal/images/stories/PDFs/livros/livros/livro_situacaosocial_vida2.pdf
299,,,,,/portal/images/stories/PDFs/livros/livros/livro_transformacoes_sitfinanceiro_vol01.pdf
300,,,,,/portal/images/stories/PDFs/livros/livros/livro_transformacoes_sitfinanceiro_vol02.pdf
301,,,,,/portal/images/stories/PDFs/livros/livro_latinidade_festivaldamulher.pdf
302,,,"Tecnologias da Informação e Comunicação: competição, políticas e tendências",,/portal/images/stories/PDFs/livros/livros/livro_tecnologiasdainformacao.pdf
303,,,,,/portal/images/stories/PDFs/livros/livros/livro_brasil_desenvolvimento2011_vol01.pdf
304,,,SUMÁRIO,,/portal/images/stories/PDFs/livros/livros/livro_brasil_desenvolvimento2011_vol02.pdf
305,,,VOLUME II,,/portal/images/stories/PDFs/livros/livros/livro_brasil_desenvolvimento2011_vol02.pdf
306,,,,,/portal/images/stories/PDFs/livros/livros/livro_modelodegestao_vol01.pdf
307,,,,,/portal/images/stories/PDFs/livros/livros/livro_panoramadacomunicacao_volume03_2012.pdf
308,,,,,/portal/images/stories/PDFs/livros/livros/livro_panoramadacomunicacao_volume04_2012.pdf
309,,,,,/portal/images/stories/PDFs/livros/livros/livro_panoramadacomunicacao_volume101_2012.pdf
310,,,,,/portal/images/stories/PDFs/livros/livros/livro_panoramadacomunicacao_volume02_2012.pdf
311,,,,,/portal/images/stories/PDFs/livros/livros/120113_livropontesobreoatlanticopor2.pdf
312,,,,,/portal/images/stories/PDFs/livros/livros/livro_pontesobreoatlanticoing.pdf
313,,,,,/portal/images/stories/PDFs/livros/livros/livro_podercompra_petrobras_vol01.pdf
314,,,,,/portal/images/stories/PDFs/livros/livros/livro_podercompra_petrobras_vol02.pdf
315,,,,,/portal/images/stories/PDFs/livros/livros/livro_podercompra_petrobras_vol03.pdf
316,,,,,/portal/images/stories/PDFs/livros/livros/livro_eco_desenvolvimento.pdf
317,,,,,/portal/images/stories/PDFs/livros/livros/livro_brasildemocratico.pdf
318,,,,,/portal/images/stories/PDFs/livros/livros/livro_federalismopoliticas.pdf
319,,,,,/portal/images/stories/PDFs/livros/livros/livro_asolidaodocorredor.pdf
320,,,,,/portal/images/stories/PDFs/livros/livros/livro_aspoliticaspublicas.pdf
321,,,,,/portal/images/stories/PDFs/livros/livros/livro_inconformista.pdf
322,,,,,/portal/images/stories/PDFs/livros/livro_presencaestado_02.pdf
323,,,,,/portal/images/stories/PDFs/livros/livros/livro_redistreconhecimento.pdf
324,,,,,/portal/images/stories/PDFs/livros/livros/livro_culturaviva_pontos.pdf
325,,,,,/portal/images/stories/PDFs/livros/livros/livro_climatechange_ingles.pdf
326,,,,,/portal/images/stories/PDFs/livros/livros/livro_internacionalizacao.pdf
327,,,,,/portal/images/stories/PDFs/livros/livros/livro_dinamicaregional.pdf
328,,,,,/portal/images/stories/PDFs/livros/livros/livro_inovacatecnologica.pdf
329,,,,,/portal/images/stories/PDFs/livros/livros/livro_governancaglobal.pdf
330,,,,,/portal/images/stories/PDFs/livros/livros/livro_sistemaindicadores_sips_01.pdf
331,,,,,/portal/images/stories/PDFs/livros/livros/livro_desafiosdesenvolvimento.pdf
332,,,,,/portal/images/stories/PDFs/livros/livro_politpublicas_saude.pdf
333,,,,,/portal/images/stories/PDFs/livros/livro_achinaglobal.pdf
334,,,,,/portal/images/stories/PDFs/livros/livros/livro_desenvigualdade_80anos.pdf
335,,,,,/portal/images/stories/PDFs/livros/livros/livro_facesdadesigualdade.pdf
336,,,,,/portal/images/stories/PDFs/livros/livro_dialogosdesenvol07.pdf
337,,,,,/portal/images/stories/PDFs/livros/livros/livro_saudenotrabalho.pdf
338,,,,,/portal/images/stories/PDFs/livros/livros/livro_econregionalurbanaa.pdf
339,,,,,/portal/images/stories/PDFs/livros/livros/livro_impactostecnologicos.pdf
340,,,,,/portal/images/stories/PDFs/livros/livro_financement_innovants.pdf
341,,,,,/portal/images/stories/PDFs/livros/livro_dialogosdesenvol02.pdf
342,,,"Avulso R$ 40,00",,/portal/images/stories/PDFs/livros/livros/livro_mudancadoclima_port.pdf
343,,,,,/portal/images/stories/PDFs/livros/livros/livro_pontosdecultura.pdf
344,,,,,/portal/images/stories/PDFs/livros/livros/livro_gestaomunicipal.pdf
345,,,,,/portal/images/stories/PDFs/livros/livros/livro_situacaosocial.pdf
346,,,,,/portal/images/stories/PDFs/livros/livro_dialogosdesenvol05.pdf
347,,,,,/portal/images/stories/PDFs/livros/livro_latinidades.pdf
348,,,,,/portal/images/stories/PDFs/livros/livros/livro_dialogosdesenvol03.pdf
349,,,,,/portal/images/stories/PDFs/livros/livros/livro_dialogosdesenvol04.pdf
350,,,,,/portal/images/stories/PDFs/livros/livros/livro_russia.pdf
351,,,,,/portal/images/stories/PDFs/livros/livros/livro_crisefinanceira.pdf
352,,,,,/portal/images/stories/PDFs/livros/livros/livro_dialogosdesenvol06.pdf
353,,,,,/portal/images/stories/PDFs/livros/livros/livro_manual_editorialipea_2ed.pdf
354,,,,,/portal/images/stories/PDFs/livros/livros/livro_globalizarsolidariedade.pdf
355,,,,,/portal/images/stories/PDFs/livros/livros/livro_progressividade_tributacao.pdf
356,,,,,/portal/images/stories/PDFs/livros/livros/livro_charting_foresight.pdf
357,,,,,/portal/images/stories/PDFs/livros/livros/livro_dinamicaurbano.pdf
358,,,,,/portal/images/stories/PDFs/livros/livros/livro_tracandonovos_foresight.pdf
359,,,,,/portal/images/stories/PDFs/livros/livros/livro_braziliancooperation.pdf
360,,,,,/portal/images/stories/PDFs/livros/livros/livro_prospectiva_cenariosglobais.pdf
361,,,,,/portal/images/stories/PDFs/livros/livros/livro_retradodesigualdade_ed4.pdf
362,11/01/2011 10:38,,,,/portal/images/stories/PDFs/livros/livros/170112_politicas_publicas_culturais.pdf
363,06/01/2011 10:57,,,,/portal/images/stories/PDFs/livros/livros/160506_livro-bioetica.pdf
364,,,,,/portal/images/stories/PDFs/livros/livro_caractdasinstituicoesregiao1.pdf
365,,,,,/portal/images/stories/PDFs/livros/livro_bd_sumanalit.pdf
366,,,,,/portal/images/stories/PDFs/livros/livro_bancospublicos.pdf
367,,,,,/portal/images/stories/PDFs/livros/livro_bd_vol3.pdf
368,,,,,/portal/images/stories/PDFs/livros/livro_bd_vol2.pdf
369,,,,,/portal/images/stories/PDFs/livros/livro_desenvolveigualdade.pdf
370,,,,,/portal/images/stories/PDFs/livros/livros/livro09_estadoinstituicoes_vol1.pdf
371,,,,,/portal/images/stories/PDFs/livros/livro_cuidados.pdf
372,,,,,/portal/images/stories/PDFs/livros/livros/livro_bolsafamilia_vol1.pdf
373,,,,,/portal/images/stories/PDFs/livros/livros/livro_bolsafamilia_vol2.pdf
374,15/10/2010 12:00,,,,/portal/images/stories/livro_respostas_progressistas.pdf
375,,,,,/portal/images/stories/Simonsen_Vol.1.pdf
376,,,,,/portal/images/stories/livro_classicosdeLiteratura.pdf
377,,,,,/portal/images/stories/PDFs/livros/livro_simonsen_gudin_vol03.pdf
378,,,,,/portal/images/stories/PDFs/livros/livro_bd_vol1.pdf
379,,,,,/portal/images/stories/PDFs/livros/livros/Livro_desenvolvimentobrasileiro.pdf
380,,,,,/portal/images/stories/PDFs/livros/livros/Livro_poderdecompra.pdf
381,,,,,/portal/images/stories/PDFs/livros/livros/Livro_macroeconomiadesenvol.pdf
382,,,,,/portal/images/stories/PDFs/livros/livros/livro03_insercaointernacional_vol1.pdf
383,,,,,/portal/images/stories/PDFs/livros/livros/Livro_ComercioInternacional.pdf
384,,,,,/portal/images/stories/PDFs/livros/livros/livro03_insercaointernacional_vol2.pdf
385,,,,,/portal/images/stories/PDFs/livros/livros/livro05_estruturaprodutival_vol1.pdf
386,,,,,/portal/images/stories/PDFs/livros/livros/livro05_estruturaprodutival_vol2.pdf
387,,,,,/portal/images/stories/PDFs/livros/livros/Livro_InfraestruturaSocial_vol1.pdf
388,,,,,/portal/images/stories/PDFs/livros/livros/42543_Livro_InfraestruturaSocial_vol2.pdf
389,,,,,/portal/images/stories/PDFs/livros/livros/livro07_sustentabilidadeambienta.pdf
390,,,,,/portal/images/stories/PDFs/livros/livros/livro10_perspectivasdodesenvolvimento.pdf
391,,,,,/portal/images/stories/PDFs/livros/livros/Livro_redeloterica.pdf
392,,,,,/portal/images/stories/PDFs/livros/livros/Livro_agriculturabrasileira.pdf
393,,,,,/portal/images/stories/PDFs/livros/livros/livro08_perspectivasdapolitica.pdf
394,,,,,/portal/images/stories/PDFs/livros/livros/livro09_estadoinstituicoes_vol2.pdf
395,,,,,/portal/images/stories/PDFs/livros/idecultweb.pdf
396,,,,,/portal/images/stories/PDFs/livros/livros/livro09_estadoinstituicoes_vol3.pdf
397,,,,,/portal/images/stories/PDFs/livros/livros/livro_cultura_viva.pdf
398,,,,,/portal/images/stories/PDFs/livros/livros/livro_5jornada_revendoopapel.zip
399,,,,,/portal/images/stories/PDFs/100610_livro_globalizacaoparatodos.pdf
400,,,,,/portal/images/stories/PDFs/livros/livros/livro_tributacaoequidbrasil.pdf
401,,,,,/portal/images/stories/PDFs/livros/livros/livro_cooperacao_brasileira.pdf
402,,,,,/portal/images/stories/PDFs/livros/livro_panoramadacomunicacao_vol1.pdf
403,,,,,/portal/images/stories/PDFs/livros/livros/livro_panoramadacomunicacao_vol2.pdf
404,,,,,/portal/images/stories/PDFs/livros/livros/livro_panoramadacomunicacao2010_vol3.pdf
405,,,,,/portal/../sites/000/2/presenca_estado_brasil/index.html
406,,,,,/portal/images/stories/assistenciasocial.xls
407,,,,,/portal/images/stories/PDFs/livros/livro_SituacaoSocialBrasileira_2007.pdf
408,,,,,/portal/images/stories/PDFs/livros/bps_completo.pdf
409,,,,,/portal/images/stories/PDFs/livros/bps_completo_2.pdf
410,,,,,/portal/images/stories/PDFs/livros/bps_completo_1.pdf
411,,,,,/portal/images/stories/PDFs/livros/Introducao_32.pdf
412,,,,,"mailto:
 <script language='JavaScript' type='text/javascript'>
 <!--
 var prefix = 'mailto:';
 var suffix = '';
 var attribs = '';
 var path = 'hr' + 'ef' + '=';
 var addy31835 = 'livraria' + '@';
 addy31835 = addy31835 + 'ipea' + '.' + 'gov' + '.' + 'br';
 document.write( '<a ' + path + '\'' + prefix + addy31835 + suffix + '\'' + attribs + '>' );
 document.write( addy31835 );
 document.write( '<\/a>' );
 //-->
 </script><script language='JavaScript' type='text/javascript'>
 <!--
 document.write( '<span style=\'display: none;\'>' );
 //-->
 </script>Este endereço de e-mail está protegido contra spambots. Você deve habilitar o JavaScript para visualizá-lo.
 <script language='JavaScript' type='text/javascript'>
 <!--
 document.write( '</' );
 document.write( 'span>' );
 //-->
 </script>?subject=Marcos Regulatórios no Brasil: Judicialização e Independência"
413,,,,,/portal/images/stories/PDFs/livros/livros/160817_livro_marcos_regulatorios_tempo_de_rever_regras.pdf
414,,,,,/portal/images/stories/PDFs/livros/livros/livro01_desafiosdodesenvolvimento09.pdf
415,,,,,/portal/images/stories/PDFs/livros/livros/livro02_trajetoriasrecentes.pdf
416,,,,,/portal/images/stories/PDFs/livros/livro_sociedadeeeconomia.pdf
417,,,,,/portal/images/stories/Livro_Cultivando_Frutos_Sociais.pdf
418,,,,,/portal/images/stories/Livro_CrescimentoEconomico02.pdf
419,,,,,/portal/images/stories/Livro_CrescimentoEconomico03.pdf
420,,,,,/portal/images/stories/PDFs/livros/Livro_RetratoDesigual.pdf
421,,,,,/portal/images/stories/Livro_CrescimentoEconomico.pdf
422,,,,,/portal/images/stories/Livro_BrasilDesenvEN_Vol04.pdf
423,,,,,/portal/images/stories/Livro_BrasilDesenvEN_Vol03.pdf
424,,,,,/portal/images/stories/Livro_BrasilDesenvEN_Vol02.pdf
425,,,,,/portal/images/stories/Livro_BrasilDesenvEN_Vol01.pdf
426,,,,,/portal/images/stories/Livro_desigualdadesraciais.pdf
427,,,,,/portal/images/stories/0906_Desigualdades_na_Escolarizacao_no_Brasil_Relatorio_Observacao_03.pdf
428,,,,,/portal/images/stories/PDFs/livros/livro_aconstrucao_igualdade_racial20anos.pdf
429,,,,,/portal/images/stories/PDFs/livros/Livro_ConstituicaoBrasileira1988_Vol2.pdf
430,,,,,/portal/images/stories/PDFs/livros/Livro_ConstituicaoBrasileira1988_Vol1.pdf
431,,,,,/portal/images/stories/PDFs/livros/livros/Livro50AnosdeFormacao_Salvador_WEB.pdf
432,,,,,/portal/images/stories/0906_Indicadores_de_Equidade_Sistema_TN_Relatorio_Observacao_01.pdf
433,,,,,/portal/images/stories/Livro_Impacto_da_crise_sobre_mulheres_port.pdf
434,,,,,/portal/images/stories/PDFs/livros/livro_juventudepolitica.pdf
435,,,,,/portal/images/stories/Livro_Impacto_da_crise_sobre_mulheres.esp_ing.pdf
436,,VOLUME 1,DIÁLOGOS PARA O DESENVOLVIMENTO,,/portal/images/stories/w1livro_completo.pdf
437,,,,,/portal/images/stories/PDFs/livros/Livro_prontuarios_BasesDados.pdf
438,,,,,/portal/images/stories/PDFs/livros/Livro_Questao_Social.pdf
439,,,,,/portal/images/stories/09_11_05_Manual_Editorial.pdf
440,,,,,/portal/images/stories/PDFs/livros/Livro_Ipea_Caixa2007.pdf
441,,,,,/portal/images/stories/PDFs/livros/capitulo01_27.pdf
442,,,,,/portal/images/stories/PDFs/livros/Livro_completo_28.pdf
443,,,,,/portal/images/stories/PDFs/livros/LivroCompleto_29.pdf
444,,,,,/portal/images/stories/PDFs/livros/Abertura_30.pdf
445,,,,,/portal/images/stories/PDFs/livros/Livro__CaractdasInstituicoesRegiao_Sul.pdf
446,,,,,/portal/images/stories/PDFs/livros/Livro__CaractdasInstituicoesRegiao_Nordeste.pdf
447,,,,,/portal/images/stories/PDFs/livros/Livro__CaractdasInstituicoesRegiao_CentroOeste.pdf
448,,,,,/portal/images/stories/PDFs/livros/technological_innovation_ingles.pdf
449,,,,,/portal/images/stories/PDFs/livros/Livro_completo20.pdf
450,,,,,/portal/images/stories/PDFs/previdencia-no-brasil.pdf
451,,,,,/portal/images/stories/PDFs/livros/folhaderosto_22.pdf
452,,,,,/portal/images/stories/PDFs/livros/livrocompleto2.pdf
453,,,,,/portal/images/stories/PDFs/livros/Livro_completo2.pdf
454,,,,,"mailto:
 <script language='JavaScript' type='text/javascript'>
 <!--
 var prefix = 'mailto:';
 var suffix = '';
 var attribs = '';
 var path = 'hr' + 'ef' + '=';
 var addy12713 = 'livraria' + '@';
 addy12713 = addy12713 + 'ipea' + '.' + 'gov' + '.' + 'br';
 document.write( '<a ' + path + '\'' + prefix + addy12713 + suffix + '\'' + attribs + '>' );
 document.write( addy12713 );
 document.write( '<\/a>' );
 //-->
 </script><script language='JavaScript' type='text/javascript'>
 <!--
 document.write( '<span style=\'display: none;\'>' );
 //-->
 </script>Este endereço de e-mail está protegido contra spambots. Você deve habilitar o JavaScript para visualizá-lo.
 <script language='JavaScript' type='text/javascript'>
 <!--
 document.write( '</' );
 document.write( 'span>' );
 //-->
 </script>?subject=Gasto%20e%20consumo%20das%20fam%C3%ADlias%20brasileiras%20contempor%C3%A2neas%20(volume%201)"
455,,,,,/portal/images/stories/PDFs/livros/Livrocompleto3.pdf
456,,,,,/portal/images/stories/PDFs/livros/abertura1.pdf
457,,,,,/portal/images/stories/PDFs/livros/Livro__CaractdasInstituicoesRegiao_Norte.pdf
458,,,,,/portal/images/stories/PDFs/livros/cadvol3.pdf
459,,,,,/portal/images/stories/PDFs/livros/Livro_estadonacao2007.pdf
460,,,,,/portal/images/stories/PDFs/livros/cadvol2.pdf
461,,,,,/portal/images/stories/PDFs/livros/folhaderosto26.pdf
462,,,,,/portal/images/stories/PDFs/livros/folha_de_rosto.pdf
463,,,,,/portal/images/stories/PDFs/livros/Folhas_de_Folha_.pdf
464,,,,,/portal/images/stories/PDFs/livros/reformadoestado.pdf
465,,,,,/portal/images/stories/PDFs/livros/sumario5.pdf
466,,,,,/portal/images/stories/PDFs/livros/Livro_PobrezaRural.pdf
467,,,,,/portal/images/stories/PDFs/livros/capa_FRENTE.pdf
468,,,,,/portal/images/stories/PDFs/livros/Folhaderosto18.pdf
469,,,,,/portal/images/stories/PDFs/livros/livro_brasil_desenv_en_2006.pdf
470,19/07/2006 10:49,,,,/portal/images/stories/PDFs/livros/livros/160719_tomo1.pdf
471,19/07/2006 10:49,,,,/portal/images/stories/PDFs/livros/livros/160719_tomo2.pdf
472,,,,,/portal/images/stories/PDFs/livros/livros/160104_livro_completo_ingles_ana_amelia_2005_idosos_web.pdf
473,,,,,/portal/images/stories/PDFs/livros/introducao9.pdf
474,,,,,/portal/images/stories/PDFs/livros/Cap_1-10.pdf
475,,,,,
476,,,,,/portal/images/stories/PDFs/livros/PremioEmEconomiaDaSaude.pdf
477,,,,,/portal/images/stories/PDFs/livros/OsMecanismosDeDiscriminacaoRacialNasEscolas.pdf
478,,,,,/portal/images/stories/PDFs/livros/marcosRegulatoriosNoBrasil-11.pdf
479,,,,,/portal/images/stories/PDFs/livros/arquivo_completo-12.pdf
480,,,,,/portal/images/stories/PDFs/livros/Inovacao_Padroes_tecnologicos_e_desempenho.pdf
481,,,,,
482,,,,,
483,,,,,/portal/images/stories/PDFs/livros/Livro_Crecimento.pdf
484,,,,,/portal/images/stories/PDFs/livros/en2005_vrsresumida_portugues.pdf
485,,,,,
486,,,,,
487,,,,,/portal/images/stories/PDFs/livros/PromocaoDeComercioExterior.pdf
488,,,,,
489,,,,,/portal/images/stories/PDFs/livros/Arq_29_Livro_Completo.pdf
490,,,,,/portal/images/stories/PDFs/livros/livrocompleto7.pdf
491,,,,,/portal/images/stories/Rosto_ndice_apresent.pdf
492,,,,,/portal/images/stories/PDFs/livros/prefacio6.pdf
493,,,,,
494,,,,,/portal/images/stories/PDFs/livros/BrasilAcessoAosServicosFinanceiros.pdf
495,,,,,/portal/images/stories/PDFs/livros/RegiaoEEspacoNoDesenvolvimentoAgricolaBrasileiro.pdf
496,,,,,/portal/images/stories/PDFs/livros/Livro_modeling_brazilian_economimy.pdf
497,,,,,/portal/images/stories/PDFs/livros/indicegeneral.pdf
498,,,,,
499,,,,,/portal/images/stories/PDFs/livros/livro_bondade.pdf
500,,,,,
501,,,,,
502,,,,,/portal/images/stories/PDFs/livros/Abertura_completo.pdf
503,,,,,/portal/images/stories/PDFs/livros/livro_caracterizacao_tendencias_v01.pdf
504,,,,,/portal/images/stories/PDFs/livros/livros/livro_caracterizacao_tendencias_v02.pdf
505,,,,,/portal/images/stories/PDFs/livros/livros/livro_caracterizacao_tendencias_v03.pdf
506,15/12/2002 12:00,,,,/portal/images/stories/PDFs/livros/livros/livro_caracterizacao_tendencias_v04.pdf
507,,,,,/portal/images/stories/PDFs/livros/livros/livro_caracterizacao_tendencias_v05.pdf
508,,,,,
509,,,,,
510,,,,,
511,,,,,
512,,,,,
513,,,,,
514,,,,,
515,,,,,/portal/images/stories/PDFs/livros/Eficienciaeficacia.pdf
516,,,,,/portal/images/stories/PDFs/livros/FortalecimentoDaFuncaoAvaliacaoNosPaisesDaAmeriacaPPA.pdf
517,,,,,/portal/images/stories/PDFs/livros/FortalecimentoDaFuncaoAvaliacaoNosPaisesDaAmeriaca.pdf
518,,,,,/portal/images/stories/PDFs/livros/livrocompleto.pdf
519,,,,,
520,,,,,/portal/images/stories/PDFs/livros/livros/160706_desigualdades_raciais_brasil.pdf
521,,,,,
522,,,,,
523,,,,,
524,,,,,
525,,,,,
526,,,,,
527,,,,,/portal/images/stories/PDFs/livros/Livro_saude_1.pdf
528,,,,,
529,,,,,
530,,,,,
531,,,,,
532,,,,Acesse livro em capítulos,/portal/images/stories/PDFs/livros/caderno_zero2.pdf
533,,,,,
534,,,,,/portal/images/stories/PDFs/livros/livros/livro_caracterizacao_tendencias_v06.pdf
535,,,,,
536,,,,,
537,,,,,
538,,,,,
539,,,,,
540,,,,,
541,,,,,
542,,,,,
543,,,,,
544,,,,,
545,,,,,
546,,,,,
547,,,,,
548,,,,,
549,,,,,
550,,,,,
551,,,,,
552,,,,,
553,,,,,
554,,,,,
555,,,,,
556,,,,,
557,,,,,/portal/images/stories/PDFs/livros/APRESENT.pdf
558,,,,,
559,,,,,
560,,,,,
561,,,,,
562,,,,,
563,,,,,
564,,,,,
565,,,,,"mailto:%
 <script language='JavaScript' type='text/javascript'>
 <!--
 var prefix = 'mailto:';
 var suffix = '';
 var attribs = '';
 var path = 'hr' + 'ef' + '=';
 var addy31047 = '20livraria' + '@';
 addy31047 = addy31047 + 'ipea' + '.' + 'gov' + '.' + 'br';
 document.write( '<a ' + path + '\'' + prefix + addy31047 + suffix + '\'' + attribs + '>' );
 document.write( addy31047 );
 document.write( '<\/a>' );
 //-->
 </script><script language='JavaScript' type='text/javascript'>
 <!--
 document.write( '<span style=\'display: none;\'>' );
 //-->
 </script>Este endereço de e-mail está protegido contra spambots. Você deve habilitar o JavaScript para visualizá-lo.
 <script language='JavaScript' type='text/javascript'>
 <!--
 document.write( '</' );
 document.write( 'span>' );
 //-->
 </script>?subject=Estrat%C3%A9gia%20Macroecon%C3%B4mica"
566,,,,,
567,,,,,
568,,,,,
569,,,,,
570,,,,,"mailto:%
 <script language='JavaScript' type='text/javascript'>
 <!--
 var prefix = 'mailto:';
 var suffix = '';
 var attribs = '';
 var path = 'hr' + 'ef' + '=';
 var addy6663 = '20livraria' + '@';
 addy6663 = addy6663 + 'ipea' + '.' + 'gov' + '.' + 'br';
 document.write( '<a ' + path + '\'' + prefix + addy6663 + suffix + '\'' + attribs + '>' );
 document.write( addy6663 );
 document.write( '<\/a>' );
 //-->
 </script><script language='JavaScript' type='text/javascript'>
 <!--
 document.write( '<span style=\'display: none;\'>' );
 //-->
 </script>Este endereço de e-mail está protegido contra spambots. Você deve habilitar o JavaScript para visualizá-lo.
 <script language='JavaScript' type='text/javascript'>
 <!--
 document.write( '</' );
 document.write( 'span>' );
 //-->
 </script>?subject=O%20Mercado%20e%20o%20Estado%20no%20Desenvolvimento%20Econ%C3%B4mico%20nos%20Anos%2090"
571,,,,,
572,,,,,
573,,,,,"mailto:%
 <script language='JavaScript' type='text/javascript'>
 <!--
 var prefix = 'mailto:';
 var suffix = '';
 var attribs = '';
 var path = 'hr' + 'ef' + '=';
 var addy4624 = '20livraria' + '@';
 addy4624 = addy4624 + 'ipea' + '.' + 'gov' + '.' + 'br';
 document.write( '<a ' + path + '\'' + prefix + addy4624 + suffix + '\'' + attribs + '>' );
 document.write( addy4624 );
 document.write( '<\/a>' );
 //-->
 </script><script language='JavaScript' type='text/javascript'>
 <!--
 document.write( '<span style=\'display: none;\'>' );
 //-->
 </script>Este endereço de e-mail está protegido contra spambots. Você deve habilitar o JavaScript para visualizá-lo.
 <script language='JavaScript' type='text/javascript'>
 <!--
 document.write( '</' );
 document.write( 'span>' );
 //-->
 </script>?subject=Defesa da Concorrência: A Prática Brasileira e a Experiência Internacional"
574,,,,,
575,,,,,
576,,,,,
577,,,,,
578,,,,,
579,,,,,
580,,,,,
581,,,,,
582,,,,,
583,,,,,
584,,,,,
585,,,,,
586,,,,,
587,,,,,
588,,,,,
589,,,,,
590,,,,,
591,,,,,
592,,,,,
593,,,,,
594,,,,,
595,,,,,
596,,,,,
597,,,,,
598,,,,,
599,,,,,
600,,,,,
601,,,,,
602,,,,,
603,,,,,
604,,,,,
605,,,,,
